House ID,Golden Grains
6e33d031,1152047.43003
6e33d037,1452374.12944
6e33d03d,1564274.67014
6e33d043,1381856.10538
6e33d045,1358344.94029
6e33d049,1301491.95718
6e33d04d,1367737.12042
6e33d051,1139696.17845
6e33d053,1143677.3807
6e33d055,1150461.8515
6e33d05b,1114055.62837
6e33d05f,1151726.08814
6e33d062,1462537.75079
6e33d065,1617582.89472
6e33d067,1402333.73899
6e33d06b,1231538.13544
6e33d071,1478543.62594
6e33d075,1202446.30883
6e33d07a,1370970.33652
6e33d080,1138576.93828
6e33d083,1302129.6176
6e33d089,1300102.6561
6e33d08b,1498290.03171
6e33d08e,1081805.92823
6e33d090,1312965.40496
6e33d095,1472971.41175
6e33d098,1244062.62856
6e33d09a,1122545.46608
6e33d09d,1435403.95742
6e33d0a0,1273465.18953
6e33d0a5,1141987.70681
6e33d0a8,1388760.81638
6e33d0ac,1411928.77389
6e33d0b1,1402256.09824
6e33d0b5,1142944.42259
6e33d0ba,1425121.63158
6e33d0bc,1267635.97263
6e33d0c2,1385516.42997
6e33d0c6,1250477.59741
6e33d0cc,1531757.63705
6e33d0d1,1312808.47705
6e33d0d3,1498240.76342
6e33d0d5,1451626.06421
6e33d0d7,853796.324913
6e33d0dc,1521499.54583
6e33d0e0,1157692.61247
6e33d0e2,1360782.99697
6e33d0e4,1396257.09136
6e33d0e6,1296516.62959
6e33d0ea,1226553.90877
6e33d0ee,1412109.81589
6e33d0f4,1243219.08792
6e33d0f8,1381066.72734
6e33d0fd,1516479.84938
6e33d100,1273994.81863
6e33d103,1245745.59567
6e33d108,1132939.38994
6e33d10b,1510132.00107
6e33d110,1100150.4254
6e33d112,1018698.67723
6e33d117,1542083.69356
6e33d11c,1519450.95407
6e33d122,1212029.57274
6e33d127,1122384.72459
6e33d12c,1298747.59022
6e33d130,1296138.60512
6e33d136,1458426.71741
6e33d13a,1522340.45095
6e33d13e,1403895.93788
6e33d141,1315849.63528
6e33d147,1364052.2426
6e33d14b,1443271.41904
6e33d14e,1055923.76977
6e33d151,959091.170814
6e33d154,1253724.07438
6e33d159,1281440.72668
6e33d15f,1416992.6179
6e33d162,1265968.21847
6e33d168,1330974.63003
6e33d16d,1202872.49251
6e33d16f,1385073.14214
6e33d172,1483317.90423
6e33d175,1281841.23496
6e33d17b,860237.789394
6e33d181,1343837.85825
6e33d184,1339416.89784
6e33d186,1321084.96449
6e33d18b,1472752.72527
6e33d191,1179230.90081
6e33d193,1399238.63143
6e33d197,1478522.99248
6e33d19b,1487084.31448
6e33d19f,1269367.10734
6e33d1a3,1263056.53552
6e33d1a7,1214674.17032
6e33d1ad,1363598.06509
6e33d1b1,1406188.44318
6e33d1b5,1467519.32738
6e33d1b9,1360273.42296
6e33d1bb,1368875.7064
6e33d1bf,1195089.45275
6e33d1c4,1423892.87543
6e33d1c7,1430871.59079
6e33d1cb,1534360.93853
6e33d1cd,1336293.52279
6e33d1d3,1250862.09853
6e33d1d9,1425327.08651
6e33d1dd,1215182.03384
6e33d1e1,1481392.03617
6e33d1e3,1016367.48954
6e33d1e8,1235264.12609
6e33d1ec,1194234.95999
6e33d1f2,1346943.65912
6e33d1f6,1270015.28998
6e33d1fa,1332376.7963
6e33d1ff,1404273.82808
6e33d205,1045203.36206
6e33d207,1266789.92016
6e33d209,1552120.65965
6e33d20e,1357808.96823
6e33d210,1192713.54993
6e33d216,1070279.35247
6e33d219,1137141.95322
6e33d21d,1120734.98241
6e33d221,1117418.62966
6e33d227,1321444.94806
6e33d22a,1169352.97763
6e33d22e,1310674.69688
6e33d230,1182551.78636
6e33d234,1445804.24602
6e33d239,977129.394115
6e33d23e,1379831.33924
6e33d241,1200727.84178
6e33d244,1357643.34396
6e33d247,1312870.1093
6e33d24b,1406512.70486
6e33d251,1068573.61342
6e33d253,1273853.14276
6e33d256,1177324.00504
6e33d25c,1292746.52666
6e33d25f,1422967.59943
6e33d262,1165762.88473
6e33d266,1381436.65851
6e33d26b,1420993.2956
6e33d26d,1510179.39164
6e33d26f,1495624.50596
6e33d274,1303776.7307
6e33d278,1228741.01577
6e33d27e,875839.391747
6e33d281,1419030.76891
6e33d286,1368172.67452
6e33d28a,1421078.62094
6e33d28e,1386627.01343
6e33d293,1333989.95912
6e33d298,1533311.50469
6e33d29a,1422945.13195
6e33d29c,1194369.8122
6e33d29e,1172574.69054
6e33d2a1,1443550.12174
6e33d2a5,1086728.65795
6e33d2ab,1250470.94575
6e33d2b1,1253370.15633
6e33d2b6,1596318.2081
6e33d2bc,1313507.64646
6e33d2c0,1372360.26496
6e33d2c4,1078643.23876
6e33d2c6,966430.664922
6e33d2cb,1514330.49134
6e33d2d0,1177803.27722
6e33d2d5,1180045.20042
6e33d2db,1453474.65468
6e33d2e1,1293215.21886
6e33d2e7,935605.066886
6e33d2ea,1052907.17089
6e33d2ec,1329030.47977
6e33d2f2,1297484.4037
6e33d2f4,1500019.58098
6e33d2fa,1236571.51632
6e33d2fe,1246115.70833
6e33d303,1456596.85785
6e33d309,1308044.98395
6e33d30f,1287289.59355
6e33d312,1420251.4616
6e33d314,1221266.04374
6e33d31a,970225.977857
6e33d31e,1172172.68961
6e33d320,1128841.81561
6e33d326,1334687.26838
6e33d329,1439737.28927
6e33d32f,1141228.40692
6e33d333,1508364.37791
6e33d339,1391781.23298
6e33d33e,1430234.19032
6e33d340,1129907.70415
6e33d344,1341938.40034
6e33d34a,1065923.44288
6e33d34f,1391503.79691
6e33d353,1034274.90406
6e33d359,1131834.2715
6e33d35f,1277876.92259
6e33d362,1342630.20622
6e33d366,1531218.96231
6e33d368,1468484.99225
6e33d36e,1527198.12042
6e33d371,1441368.53395
6e33d376,1115218.23906
6e33d37c,1376977.73568
6e33d381,1443993.47115
6e33d383,1394640.25886
6e33d388,1340611.21374
6e33d38b,1166589.08587
6e33d38d,1495099.1633
6e33d38f,903610.204466
6e33d393,1351294.50225
6e33d399,1275986.53169
6e33d39d,1560317.03744
6e33d3a2,1435081.63558
6e33d3a7,1377759.22799
6e33d3ab,997642.331328
6e33d3af,1261915.45306
6e33d3b5,1058355.68443
6e33d3bb,1289246.0519
6e33d3be,1109091.24386
6e33d3c2,1500524.47949
6e33d3c6,1421193.50522
6e33d3ca,1152514.37688
6e33d3cf,1155077.87083
6e33d3d2,1375373.89479
6e33d3d8,1446968.95984
6e33d3de,1352591.82587
6e33d3e0,1426751.85634
6e33d3e6,1288361.49109
6e33d3e8,1499418.46677
6e33d3ee,1448364.69002
6e33d3f0,1302730.02259
6e33d3f3,1464520.68453
6e33d3f5,1163653.19727
6e33d3f7,1536417.08885
6e33d3fd,1221474.19554
6e33d402,1168810.57632
6e33d405,1163892.29476
6e33d408,1571680.42478
6e33d40a,1523384.43934
6e33d40c,1319708.39463
6e33d40f,1474450.6423
6e33d413,1271176.31339
6e33d416,1410991.56892
6e33d419,1286525.73212
6e33d41f,1300414.49774
6e33d424,1516576.81755
6e33d429,1614860.71225
6e33d42f,1377697.19709
6e33d433,1375296.21159
6e33d439,1209986.75372
6e33d43d,1327990.60791
6e33d441,1177536.22714
6e33d443,1077824.48543
6e33d445,1463851.44296
6e33d449,1410713.47934
6e33d44c,1258034.46328
6e33d450,1140424.42648
6e33d456,1306864.97332
6e33d45b,1614142.99051
6e33d45f,1408375.13783
6e33d461,1132324.39074
6e33d466,1251973.21317
6e33d46c,1253599.56299
6e33d46f,1135468.74931
6e33d471,1247708.25366
6e33d473,1158108.93802
6e33d478,1044091.12103
6e33d47c,1438925.16715
6e33d47e,1215671.9861
6e33d482,1301840.38436
6e33d486,1400494.47488
6e33d489,1477296.94512
6e33d48d,1233033.95788
6e33d48f,1365774.81123
6e33d491,1437237.66803
6e33d496,1118363.79904
6e33d49b,1117313.2331
6e33d4a1,1496397.91052
6e33d4a7,1048465.7445
6e33d4ad,1569255.06944
6e33d4af,1313639.52871
6e33d4b3,1170676.83892
6e33d4b6,1332628.42127
6e33d4bc,1037397.01874
6e33d4c0,1417010.65498
6e33d4c4,1186925.79809
6e33d4c9,1260805.91197
6e33d4cd,900831.598316
6e33d4d0,1143474.86836
6e33d4d6,1473490.04528
6e33d4d8,1427396.64217
6e33d4dd,1057839.66301
6e33d4df,1454085.37843
6e33d4e2,1303506.98818
6e33d4e6,1493118.58627
6e33d4eb,1428194.32444
6e33d4ef,1335345.92088
6e33d4f1,1260103.27321
6e33d4f7,1090934.2211
6e33d4fb,1186588.28219
6e33d4fd,1403767.79353
6e33d4ff,1456867.23493
6e33d501,1448211.2178
6e33d503,1232010.83051
6e33d508,1536389.06635
6e33d50d,1414146.01305
6e33d513,1468628.19319
6e33d517,1357051.86307
6e33d51b,1328803.98234
6e33d521,1257531.52456
6e33d527,1337318.29231
6e33d52a,1492969.2547
6e33d52e,1281281.60446
6e33d534,1454238.72207
6e33d536,1328773.4949
6e33d53b,1463340.22374
6e33d540,1474938.84011
6e33d546,1377058.50378
6e33d54a,1320037.641
6e33d54d,1389351.82988
6e33d553,1644216.10753
6e33d556,1481020.83869
6e33d55b,1380071.24761
6e33d560,1191134.7663
6e33d566,1422165.56938
6e33d56c,1392770.91577
6e33d56f,1341021.70811
6e33d573,1032222.47813
6e33d578,1641152.95192
6e33d57a,1370071.46833
6e33d57d,1450444.17408
6e33d581,1257150.42455
6e33d586,1483749.66623
6e33d589,1086087.06584
6e33d58e,1289710.3365
6e33d590,1550421.23651
6e33d594,1457719.33882
6e33d598,1284810.37868
6e33d59c,1264282.70309
6e33d5a0,1382604.86901
6e33d5a5,1456759.62331
6e33d5aa,1542808.13796
6e33d5ad,1481085.01419
6e33d5b2,1282834.11182
6e33d5b5,1063892.96661
6e33d5b9,1324832.17384
6e33d5bf,1395550.14014
6e33d5c4,1328437.06201
6e33d5c6,1270449.6515
6e33d5c9,1421100.26705
6e33d5ce,1447826.9085
6e33d5d0,1358927.54648
6e33d5d4,1225266.61695
6e33d5d6,1645863.63572
6e33d5dc,1255825.31637
6e33d5e2,1308478.82969
6e33d5e5,1328154.90667
6e33d5e7,1407213.07778
6e33d5eb,1480766.77665
6e33d5ee,1239277.6746
6e33d5f0,1314549.57403
6e33d5f6,1114888.67984
6e33d5fc,1588119.84766
6e33d600,1345200.95589
6e33d604,1172239.42793
6e33d607,1555232.3523
6e33d60d,1253139.66137
6e33d610,1340548.63854
6e33d616,1501660.90265
6e33d619,1341122.5569
6e33d61c,1389103.57705
6e33d620,1226197.7237
6e33d623,759676.932109
6e33d626,1392611.69382
6e33d62a,1319026.60823
6e33d62c,1363744.47237
6e33d62e,1024691.41075
6e33d632,1257840.43087
6e33d634,1425763.62863
6e33d637,1149763.73588
6e33d63d,1427492.85951
6e33d643,1197716.27221
6e33d645,1344860.80432
6e33d64a,1505506.64794
6e33d64e,1433287.86535
6e33d651,1281234.94637
6e33d656,1411192.83096
6e33d659,871265.393814
6e33d65b,1274983.59271
6e33d65e,1211973.97093
6e33d660,1316076.56662
6e33d666,1364063.47255
6e33d669,1346385.17742
6e33d66e,1477072.67072
6e33d673,1283014.61339
6e33d679,1266566.99111
6e33d67b,1300878.30564
6e33d681,1415951.0394
6e33d685,1469496.38246
6e33d687,1238037.11322
6e33d68b,1250448.43471
6e33d68d,1532372.02501
6e33d68f,1258589.67837
6e33d694,1439640.15497
6e33d699,1351672.70065
6e33d69c,1479583.36992
6e33d69f,1256428.83412
6e33d6a2,1082227.66771
6e33d6a4,1330800.24339
6e33d6a7,1348441.81534
6e33d6ad,1398304.84226
6e33d6af,1307001.28497
6e33d6b5,1445648.27284
6e33d6ba,1367832.22139
6e33d6c0,1342308.99729
6e33d6c2,1194754.37252
6e33d6c8,1043819.43833
6e33d6cb,1435994.63762
6e33d6cd,904947.939453
6e33d6d3,1293003.74371
6e33d6d6,1407505.4392
6e33d6db,1308334.49547
6e33d6e1,1413709.86644
6e33d6e6,1535775.64861
6e33d6ec,1362488.96665
6e33d6ee,1406860.81717
6e33d6f4,1340067.97642
6e33d6f9,1304510.39884
6e33d6fb,1227258.00264
6e33d701,1353710.36827
6e33d707,1208754.67006
6e33d70c,1405588.56892
6e33d711,1319969.59682
6e33d717,1347571.40179
6e33d719,979078.248539
6e33d71f,1334159.50805
6e33d723,1231596.92198
6e33d729,1183696.82677
6e33d72e,1340067.63583
6e33d731,1276964.19955
6e33d734,1078698.99511
6e33d738,1303629.0413
6e33d73c,1335666.64464
6e33d73e,1232336.35914
6e33d744,1404917.11311
6e33d748,1324465.9899
6e33d74a,1462276.28052
6e33d74c,1110890.65782
6e33d750,1092982.53361
6e33d756,1132308.1604
6e33d75b,864977.67954
6e33d761,1463737.38906
6e33d767,1124889.38622
6e33d76d,1398103.40893
6e33d76f,1275650.34731
6e33d773,1515335.73297
6e33d778,1428918.33915
6e33d77e,1375194.83435
6e33d781,1401215.3833
6e33d787,1501656.02499
6e33d78d,1176565.44146
6e33d792,1618818.17545
6e33d797,1346082.41292
6e33d799,1386654.12796
6e33d79c,1364928.85251
6e33d7a0,1023834.58278
6e33d7a6,1205306.88327
6e33d7a9,1410053.50525
6e33d7ae,1324758.79074
6e33d7b1,1277065.64308
6e33d7b7,1479103.49451
6e33d7ba,1406512.08735
6e33d7be,1363423.38597
6e33d7c3,1443559.30577
6e33d7c7,1141003.20798
6e33d7cd,1362414.48296
6e33d7d2,1367118.4544
6e33d7d8,1327569.75342
6e33d7dd,1250775.83996
6e33d7e0,1229593.31514
6e33d7e5,1287469.15635
6e33d7e9,1424782.8883
6e33d7ec,1408082.71755
6e33d7ee,1364258.20866
6e33d7f4,855123.17496
6e33d7f7,1261375.09379
6e33d7fb,1109896.42145
6e33d7fe,1407311.85011
6e33d801,1306041.11796
6e33d805,1156230.74678
6e33d808,1431838.8928
6e33d80a,1195312.98201
6e33d80c,1262670.13478
6e33d811,1442921.85976
6e33d817,1298852.09016
6e33d81a,748644.301959
6e33d820,1306656.51665
6e33d822,1257002.40418
6e33d825,1373481.09952
6e33d827,1358082.34653
6e33d829,1348887.45639
6e33d82c,1346140.59692
6e33d82f,1101115.43272
6e33d833,1471302.35829
6e33d838,890251.21768
6e33d83a,1058444.06709
6e33d83c,1272521.07938
6e33d840,1340056.41913
6e33d842,1205583.45007
6e33d846,1314884.96543
6e33d849,1452284.36664
6e33d84d,1297001.13361
6e33d851,1232402.56215
6e33d856,1215023.81553
6e33d85c,1480382.54946
6e33d85f,1468691.19892
6e33d863,1502858.83528
6e33d865,1259809.74849
6e33d869,1267145.66113
6e33d86b,1240568.51434
6e33d86f,1413741.99328
6e33d871,1470837.90087
6e33d873,1424097.77287
6e33d876,1283101.37803
6e33d87b,1300862.37373
6e33d87f,1330627.48456
6e33d883,1489728.36461
6e33d889,1185347.41667
6e33d88c,1526057.97599
6e33d892,1392610.08678
6e33d895,1286793.28421
6e33d89b,1290204.21399
6e33d89e,1253203.70899
6e33d8a1,1398000.74694
6e33d8a3,1096853.72009
6e33d8a6,1543646.22761
6e33d8ab,974240.529979
6e33d8ad,1048650.6295
6e33d8b0,1331791.37974
6e33d8b4,1183306.2447
6e33d8b9,1233944.42645
6e33d8bc,1363299.49379
6e33d8bf,1384600.91201
6e33d8c3,1448030.49685
6e33d8c5,1050048.42707
6e33d8ca,1251621.46415
6e33d8cd,1335055.63132
6e33d8d2,1361246.78513
6e33d8d4,1335437.53399
6e33d8d6,1203106.86458
6e33d8dc,1455042.58631
6e33d8e2,1046336.44482
6e33d8e8,1414308.04232
6e33d8ed,1121479.06128
6e33d8f3,1404859.16235
6e33d8f9,1319922.25453
6e33d8ff,1216766.5616
6e33d905,1097031.75355
6e33d908,1658798.07079
6e33d90a,1180871.33027
6e33d90e,1369638.88117
6e33d911,1271187.3867
6e33d915,1074806.04533
6e33d918,1107547.4497
6e33d91a,1180712.90513
6e33d91f,1434404.95071
6e33d925,1249815.34131
6e33d927,1286509.12703
6e33d92d,1550270.18551
6e33d92f,1140495.31313
6e33d934,1120060.89472
6e33d938,1201256.76852
6e33d93c,1210656.64298
6e33d93f,1576243.25016
6e33d945,1431060.59074
6e33d948,1362589.32666
6e33d94a,1201441.82781
6e33d94d,1242427.81076
6e33d94f,1469636.36481
6e33d951,1390122.50465
6e33d957,1465145.58834
6e33d95d,1607315.30353
6e33d960,1128927.05029
6e33d964,1218993.51036
6e33d967,1488664.48515
6e33d96b,1297012.58754
6e33d970,1408452.52341
6e33d976,1129744.59189
6e33d978,1379857.53793
6e33d97e,1000657.50545
6e33d981,1631531.72269
6e33d985,975239.956411
6e33d98a,1277296.96847
6e33d98e,1262688.33075
6e33d991,1350341.79416
6e33d996,965144.290135
6e33d99a,1393395.20885
6e33d99e,1364388.40004
6e33d9a2,1483241.85423
6e33d9a4,1458752.55429
6e33d9aa,983794.57986
6e33d9af,1346459.71939
6e33d9b5,1425852.34415
6e33d9b8,1438072.19585
6e33d9bd,1402155.55541
6e33d9c2,1538272.88879
6e33d9c6,1470016.85728
6e33d9c9,1515965.53609
6e33d9ce,1077777.40876
6e33d9d3,1391532.00629
6e33d9d8,1246950.02648
6e33d9dd,1527967.13289
6e33d9e3,854260.926456
6e33d9e9,1228713.31724
6e33d9eb,1192873.17126
6e33d9f1,1250927.84523
6e33d9f6,925620.019744
6e33d9f9,1406677.86018
6e33d9ff,1373438.52708
6e33da04,1356466.12137
6e33da06,1428517.02647
6e33da08,1361278.37771
6e33da0c,1157984.10974
6e33da12,1175958.89195
6e33da18,1318981.08677
6e33da1e,1461587.97499
6e33da24,1547012.5718
6e33da26,1202299.02576
6e33da29,1420892.72635
6e33da2c,882852.574645
6e33da30,1253918.22359
6e33da35,1483957.49945
6e33da3b,1508630.15641
6e33da41,1169723.49881
6e33da46,1486893.5638
6e33da49,1107729.25176
6e33da4e,1485468.68875
6e33da50,1223973.79461
6e33da52,1377625.73035
6e33da57,1169307.06257
6e33da59,1415107.86438
6e33da5e,1357643.51398
6e33da60,963346.360044
6e33da63,1408544.90346
6e33da65,1287996.15622
6e33da68,1408666.86965
6e33da6d,1340404.97158
6e33da6f,1512975.58091
6e33da75,1147209.01112
6e33da7a,1388587.55989
6e33da7f,1391707.88728
6e33da81,1126047.67634
6e33da86,1119922.22282
6e33da89,1170334.22767
6e33da8e,1098641.56232
6e33da93,1454902.4078
6e33da95,1143779.212
6e33da99,1308727.49197
6e33da9c,1408728.2844
6e33daa2,1053705.1375
6e33daa6,1483656.9835
6e33daa9,1188436.76338
6e33daaf,1351781.1003
6e33dab1,1197837.52052
6e33dab3,1383540.97739
6e33dab8,1264122.87772
6e33dabc,1327995.89958
6e33dabe,1316907.1542
6e33dac1,1000647.35303
6e33dac5,1514048.82646
6e33dac7,1106004.2913
6e33dacd,1420070.25244
6e33dad0,1485362.33632
6e33dad4,1207377.54581
6e33dad7,962211.751182
6e33dada,1237985.97589
6e33dadd,1240543.56932
6e33dae1,1321049.84701
6e33dae6,1226321.68329
6e33dae9,1361423.68376
6e33daef,1274773.80331
6e33daf1,1187911.18226
6e33daf4,1391966.51229
6e33daf7,1211150.28927
6e33daf9,1260385.03613
6e33dafb,1257400.60343
6e33db01,1337623.34334
6e33db06,1144775.38434
6e33db09,1297988.54201
6e33db0d,1338550.04839
6e33db0f,1495885.64877
6e33db12,1282166.69294
6e33db18,1553726.81206
6e33db1d,1474201.96966
6e33db22,1342650.02593
6e33db28,1521673.59385
6e33db2a,1306329.34937
6e33db2e,1457377.00519
6e33db34,1629887.37742
6e33db38,1263828.48722
6e33db3e,1213471.37801
6e33db41,1454967.15401
6e33db43,1462473.86873
6e33db49,999465.157082
6e33db4b,1449006.35471
6e33db50,1010042.71067
6e33db54,1428480.69668
6e33db56,1205282.629
6e33db58,1142011.81537
6e33db5b,1174981.74373
6e33db61,1005334.25647
6e33db64,1147972.05547
6e33db66,1358537.63882
6e33db6a,1296850.95056
6e33db6e,1354664.605
6e33db71,1472513.47974
6e33db75,1254262.39983
6e33db79,1367757.40746
6e33db7c,1252779.44853
6e33db7f,1379717.55205
6e33db82,1401980.10741
6e33db87,1216174.84909
6e33db8a,1322414.64423
6e33db8f,1146520.08738
6e33db93,1444640.97661
6e33db98,1478094.20443
6e33db9a,1228080.96798
6e33db9c,1473673.5669
6e33db9e,1318129.58313
6e33dba0,1542608.35138
6e33dba2,792912.547689
6e33dba5,1508043.23574
6e33dbab,1396086.367
6e33dbaf,1476627.0192
6e33dbb1,1476629.25236
6e33dbb7,1327151.69966
6e33dbbd,1003161.25909
6e33dbbf,1520669.71089
6e33dbc2,1358172.14179
6e33dbc5,1098530.74012
6e33dbcb,1239769.43957
6e33dbcf,1224266.52473
6e33dbd2,1217438.69617
6e33dbd8,1636575.3808
6e33dbdc,1511438.92237
6e33dbe2,1482769.94628
6e33dbe8,1475482.58159
6e33dbee,1245748.10969
6e33dbf2,1375180.04869
6e33dbf4,1223761.67143
6e33dbf7,1216842.45191
6e33dbfc,1127058.24411
6e33dc02,1492141.07489
6e33dc06,1405492.96477
6e33dc0b,1203398.00565
6e33dc0e,1397906.07237
6e33dc13,1286116.77494
6e33dc17,853720.57198
6e33dc1d,1468568.37555
6e33dc21,1316904.44426
6e33dc23,1293278.30765
6e33dc28,969554.484121
6e33dc2a,1375041.90756
6e33dc2d,1301210.9086
6e33dc30,1235038.47662
6e33dc32,1325834.4066
6e33dc38,1372148.83694
6e33dc3a,1398115.27672
6e33dc3c,1327619.40706
6e33dc3f,1477641.43326
6e33dc41,1502661.44526
6e33dc45,972448.218278
6e33dc47,1063770.37401
6e33dc4d,1170340.20626
6e33dc52,1331026.5708
6e33dc57,1432395.62831
6e33dc5a,1224738.7421
6e33dc60,1349535.70616
6e33dc62,1048458.17128
6e33dc65,1455451.60035
6e33dc6b,1432127.60696
6e33dc6e,1171586.9277
6e33dc71,1258406.45757
6e33dc77,1251522.1839
6e33dc7d,1438138.0756
6e33dc80,1305884.05923
6e33dc84,1170717.07103
6e33dc89,1369548.53918
6e33dc8e,1502543.25064
6e33dc93,1031817.01454
6e33dc97,1402461.33907
6e33dc9b,1393751.65477
6e33dc9f,1388762.05775
6e33dca4,1373625.65609
6e33dca8,1492977.67517
6e33dcae,1395469.91683
6e33dcb3,1192633.24103
6e33dcb7,1194501.13777
6e33dcbb,1326701.73509
6e33dcbd,1306273.32046
6e33dcbf,1394893.8449
6e33dcc2,1369629.9765
6e33dcc8,1009556.94679
6e33dccb,1362014.27494
6e33dccd,1543166.69603
6e33dcd2,1059669.09104
6e33dcd8,1266243.88228
6e33dcde,1162095.60292
6e33dce3,1323903.74219
6e33dce6,1221849.48882
6e33dce9,1187311.45735
6e33dced,1426167.05451
6e33dcf2,1493824.75678
6e33dcf5,1347472.56618
6e33dcfb,1373750.41707
6e33dd01,1294724.0922
6e33dd03,1260562.87875
6e33dd07,1471468.64087
6e33dd0a,1097926.79863
6e33dd0d,867314.541109
6e33dd0f,1180181.86569
6e33dd11,1388462.29171
6e33dd13,1486876.88751
6e33dd16,1206087.42209
6e33dd1b,1338173.64892
6e33dd1f,1325848.88331
6e33dd25,1387910.71929
6e33dd28,971544.695004
6e33dd2e,1348474.18994
6e33dd32,1249658.17704
6e33dd37,1452832.86533
6e33dd3a,1129304.55679
6e33dd3f,1460031.26253
6e33dd45,1308186.3099
6e33dd4a,1419961.6013
6e33dd50,1231793.07541
6e33dd52,1436874.17949
6e33dd58,1444277.91081
6e33dd5d,1564721.48476
6e33dd63,1531478.50861
6e33dd66,1157319.89398
6e33dd69,1285145.79791
6e33dd6b,1393768.55619
6e33dd6f,1259237.62596
6e33dd73,1322367.22831
6e33dd75,1414484.31453
6e33dd7a,1331351.8589
6e33dd7e,1428425.64723
6e33dd84,1429828.96337
6e33dd86,1410622.64552
6e33dd8a,1447498.24325
6e33dd8e,1297139.78232
6e33dd92,1142686.33489
6e33dd95,1316039.21549
6e33dd9b,1239939.9824
6e33dda1,1068599.30632
6e33dda6,1042318.52874
6e33dda9,1449732.9013
6e33ddab,1441187.67157
6e33ddb1,1386849.88029
6e33ddb3,1463713.14506
6e33ddb8,1529660.52745
6e33ddbd,1320628.77341
6e33ddc2,897723.895337
6e33ddc4,1379285.51228
6e33ddc7,1464156.55782
6e33ddca,1391739.01346
6e33ddce,1411405.20908
6e33ddd0,882154.076049
6e33ddd5,1552333.39232
6e33ddda,1060359.73675
6e33dddc,1334843.06782
6e33ddde,1493433.15223
6e33dde1,1300920.47542
6e33dde7,1303587.96418
6e33ddea,1499696.91259
6e33ddf0,1093993.06087
6e33ddf6,1373747.922
6e33ddf9,826036.787061
6e33ddfc,1312131.14777
6e33de00,1377274.52363
6e33de02,972569.96021
6e33de04,1161174.03872
6e33de0a,1231659.14468
6e33de0e,1507942.31114
6e33de10,1159951.62923
6e33de16,1372548.38252
6e33de18,1251816.54139
6e33de1d,1349876.21495
6e33de22,1212694.77345
6e33de24,1436748.11655
6e33de2a,1370089.80051
6e33de2f,1447415.89882
6e33de35,1395154.19735
6e33de3a,1397001.97041
6e33de3e,1434098.59134
6e33de42,1487635.132
6e33de47,1074296.56717
6e33de4b,1624102.5501
6e33de4e,1380128.39654
6e33de54,879878.472011
6e33de56,1594682.90908
6e33de58,1032181.40249
6e33de5a,1337499.5561
6e33de5c,966997.944449
6e33de61,1569147.10673
6e33de65,1419468.63801
6e33de6a,1235406.30393
6e33de6e,1326297.80255
6e33de70,1284913.23407
6e33de76,1352830.29793
6e33de7b,957584.20132
6e33de80,1500791.16799
6e33de85,1425360.7205
6e33de88,991807.523368
6e33de8e,1422328.73001
6e33de91,1481036.4611
6e33de95,1268276.32769
6e33de97,1463637.98574
6e33de9b,1539645.44435
6e33dea1,1353068.34077
6e33dea5,1147284.58866
6e33dea8,992210.155747
6e33deaa,1153283.42858
6e33dead,1148761.10122
6e33deb3,1403789.48022
6e33deb9,1115079.00234
6e33debd,1458551.54561
6e33dec1,1106779.38138
6e33dec4,1557418.96117
6e33dec9,1211843.17201
6e33decc,1510789.20408
6e33ded2,1418602.41653
6e33ded7,1502902.60449
6e33dedb,1280171.2514
6e33dede,1552045.71614
6e33dee2,1335370.84923
6e33dee6,1127040.87511
6e33deec,1336116.71362
6e33def0,1453629.50774
6e33def6,879099.408499
6e33def8,1353739.99905
6e33defc,1349934.01326
6e33df02,1444771.08121
6e33df04,1407198.44057
6e33df07,1363110.87453
6e33df0c,1247348.76175
6e33df0f,1447853.67454
6e33df14,1509219.28266
6e33df19,1309747.54889
6e33df1f,1276373.31973
6e33df25,1426310.54964
6e33df29,1298333.96185
6e33df2e,1343485.21596
6e33df33,1456548.91875
6e33df35,1170707.28656
6e33df39,1225262.91108
6e33df3d,783182.660207
6e33df41,1495402.72765
6e33df45,945980.518145
6e33df4a,1361828.34188
6e33df4e,1443333.42728
6e33df54,1367563.92065
6e33df58,1210347.52771
6e33df5c,918734.664498
6e33df62,1317595.90276
6e33df64,1515993.98636
6e33df68,1364829.60398
6e33df6d,1213442.50282
6e33df72,1400103.08409
6e33df77,1184734.16872
6e33df7a,1101815.05999
6e33df7e,1123115.38035
6e33df82,1515200.52442
6e33df85,1278150.86712
6e33df88,1306494.55576
6e33df8c,1507999.93974
6e33df92,1237271.83168
6e33df94,1269139.12497
6e33df99,1357177.64849
6e33df9c,1349424.32029
6e33df9e,1486479.67373
6e33dfa4,1220891.97164
6e33dfa6,1224547.77917
6e33dfab,1332364.51543
6e33dfae,1483174.84196
6e33dfb2,1317658.65422
6e33dfb6,1454275.86693
6e33dfb8,1433860.01409
6e33dfba,1181686.04063
6e33dfbc,1390318.01006
6e33dfbe,1443122.0822
6e33dfc4,1356338.4812
6e33dfc9,1437775.22721
6e33dfcc,846411.252064
6e33dfd2,1305829.89032
6e33dfd4,1443004.64518
6e33dfd7,1336545.67735
6e33dfdd,1134703.62125
6e33dfe1,1261052.2943
6e33dfe3,1074433.46019
6e33dfe6,1563388.67762
6e33dfeb,1305154.55395
6e33dfee,943354.034349
6e33dff4,1004297.92151
6e33dffa,1203911.77034
6e33e000,1409952.85609
6e33e004,1356072.71237
6e33e008,854046.777323
6e33e00a,1145366.16209
6e33e00f,1239747.74911
6e33e014,1312432.26155
6e33e019,1451756.28362
6e33e01d,1309722.71913
6e33e01f,1415492.85487
6e33e023,1380402.6285
6e33e027,1295510.40317
6e33e02a,1280697.68535
6e33e02c,1164836.21793
6e33e032,1481992.351
6e33e034,1070553.71916
6e33e038,1442960.43777
6e33e03c,1414289.13986
6e33e041,1198002.37294
6e33e044,1502104.39812
6e33e047,1189827.5443
6e33e049,1559290.97926
6e33e04c,1324224.38517
6e33e04e,1294381.15846
6e33e054,991030.651533
6e33e057,1361099.74489
6e33e05a,1406829.8871
6e33e060,1268111.22368
6e33e065,1200751.09935
6e33e06a,1137708.90283
6e33e06c,1411259.06667
6e33e071,1536965.61247
6e33e075,1456421.47058
6e33e07a,1060140.67613
6e33e07c,1247190.36912
6e33e082,1203363.04613
6e33e088,1395276.40371
6e33e08d,1485977.70709
6e33e093,1499854.63999
6e33e097,1101386.13622
6e33e09d,1228310.14844
6e33e09f,1170738.09494
6e33e0a4,1424948.8406
6e33e0a9,1210487.34475
6e33e0ad,863124.270713
6e33e0af,1365185.29857
6e33e0b2,1160064.10771
6e33e0b6,1446429.35714
6e33e0ba,987492.282482
6e33e0bf,1238367.34973
6e33e0c1,1284452.85535
6e33e0c4,1186966.48982
6e33e0c8,1147371.51028
6e33e0cc,1510460.67096
6e33e0d0,1333187.91188
6e33e0d2,1325238.05178
6e33e0d7,1408519.36999
6e33e0dd,1388897.82818
6e33e0e1,1558288.40269
6e33e0e7,1276021.19687
6e33e0ec,910893.58644
6e33e0f0,1283923.62255
6e33e0f6,1471001.89489
6e33e0fb,1473083.70461
6e33e0fd,1195699.49539
6e33e100,927121.325014
6e33e103,1082724.82359
6e33e107,1293904.5382
6e33e10b,1155281.59477
6e33e10e,1369883.96009
6e33e112,1364706.85377
6e33e118,1434061.62607
6e33e11b,1260924.83375
6e33e121,1482018.47681
6e33e127,1251605.13948
6e33e12a,1209407.36799
6e33e130,1459523.46336
6e33e134,1001230.41854
6e33e13a,1404458.10784
6e33e140,1116750.03584
6e33e145,1279623.89177
6e33e149,1177852.8501
6e33e14b,1207376.89227
6e33e14e,939415.886888
6e33e150,1301422.33568
6e33e156,1294752.82542
6e33e158,987337.42547
6e33e15c,1573863.68854
6e33e15f,1306606.73068
6e33e162,1419024.37521
6e33e164,1400424.87655
6e33e166,1445136.12045
6e33e16b,1044464.31685
6e33e16f,1294231.86673
6e33e174,1168654.06734
6e33e179,1334652.13783
6e33e17d,1120403.45768
6e33e17f,1294690.56112
6e33e182,1315594.90567
6e33e184,1452072.45606
6e33e187,1387267.39249
6e33e189,1446363.55288
6e33e18c,1364747.58287
6e33e190,1295008.70211
6e33e195,1222330.69416
6e33e199,1517591.16085
6e33e19b,1334244.80097
6e33e1a1,1226163.48558
6e33e1a3,1478656.54043
6e33e1a6,1440272.42372
6e33e1ac,1437632.55493
6e33e1b1,1198753.19429
6e33e1b3,1261274.61583
6e33e1b8,1311591.39115
6e33e1bb,786465.052162
6e33e1bf,1205356.29689
6e33e1c3,1381568.51359
6e33e1c6,1415136.38355
6e33e1c9,1424775.82237
6e33e1cc,1486612.06984
6e33e1d0,1488156.403
6e33e1d4,1412853.36562
6e33e1d6,1282114.72787
6e33e1dc,1385663.01192
6e33e1e0,1131467.42467
6e33e1e4,1174249.26117
6e33e1e6,1192343.95532
6e33e1e9,1379363.82119
6e33e1eb,1212240.43402
6e33e1f0,1420072.91574
6e33e1f4,1036735.01819
6e33e1f8,1244897.86035
6e33e1fa,1381796.39611
6e33e200,1106907.60539
6e33e203,1385023.52325
6e33e209,1519825.11192
6e33e20c,1411669.02743
6e33e20f,1153541.68862
6e33e214,1386970.03857
6e33e218,1235462.24898
6e33e21b,1368611.305
6e33e221,1317902.5415
6e33e223,1208654.51183
6e33e229,1358063.26914
6e33e22b,1334608.6412
6e33e231,1456448.07924
6e33e237,1343457.10026
6e33e23a,908546.448979
6e33e23f,1076221.50917
6e33e241,1388689.14311
6e33e247,1152578.59073
6e33e24b,1316979.08963
6e33e250,1352296.12967
6e33e254,1055133.47792
6e33e259,1542676.40075
6e33e25e,1474924.26163
6e33e262,1431705.20923
6e33e267,1565020.92634
6e33e26a,1300857.381
6e33e26d,1413643.34934
6e33e270,1398537.61319
6e33e275,1437255.1053
6e33e278,747737.868718
6e33e27e,1371771.564
6e33e284,965003.147256
6e33e28a,1342466.55988
6e33e28c,1257811.67852
6e33e292,1113532.27419
6e33e297,1480422.09394
6e33e299,1299963.57747
6e33e29f,885247.687145
6e33e2a1,1343390.46082
6e33e2a7,1244753.64034
6e33e2ad,1422628.2549
6e33e2b1,954144.832952
6e33e2b5,1001722.60755
6e33e2ba,1379411.08924
6e33e2be,1418273.43702
6e33e2c0,1131539.11295
6e33e2c6,1102939.43764
6e33e2ca,1340115.11102
6e33e2ce,1479229.6417
6e33e2d1,1321744.00574
6e33e2d3,1050584.53935
6e33e2d5,1417009.58152
6e33e2da,1343654.85627
6e33e2dd,1181352.56439
6e33e2e0,1200090.87852
6e33e2e3,1327019.72728
6e33e2e5,1048143.0768
6e33e2ea,1397514.46795
6e33e2f0,1300015.4859
6e33e2f6,1383408.433
6e33e2f9,1079789.75519
6e33e2fd,1253170.0434
6e33e302,1495019.01815
6e33e307,1475819.53787
6e33e30b,1121784.54526
6e33e310,1454983.93603
6e33e314,1220773.22742
6e33e319,1225781.39364
6e33e31c,1419624.32547
6e33e31e,1165386.66383
6e33e324,1226441.50538
6e33e329,1359069.03673
6e33e32e,1552474.09322
6e33e333,846587.877744
6e33e338,1585712.21976
6e33e33d,1362357.14321
6e33e33f,1564600.49389
6e33e342,1059860.38048
6e33e344,1367026.3211
6e33e347,927244.27147
6e33e34c,1108347.96773
6e33e352,1442253.227
6e33e357,1443174.14949
6e33e35d,1230847.98205
6e33e361,1099021.65569
6e33e365,1549303.39985
6e33e36b,1327695.46391
6e33e36d,1522251.46084
6e33e371,1282851.88839
6e33e373,1489666.59723
6e33e376,1458693.14701
6e33e378,1320129.23258
6e33e37c,1366617.91063
6e33e37f,1348655.49783
6e33e383,1193195.16085
6e33e385,1267805.33669
6e33e38a,1476833.75623
6e33e38f,935930.712026
6e33e391,1495758.30762
6e33e395,1344907.11445
6e33e39a,1078043.51286
6e33e39c,1105867.07739
6e33e3a1,1261832.58888
6e33e3a5,1257658.12178
6e33e3ab,1301594.62982
6e33e3b1,1357199.05971
6e33e3b3,1371115.58352
6e33e3b9,1388189.95264
6e33e3bf,1430988.28759
6e33e3c1,1076922.27211
6e33e3c7,1139086.01976
6e33e3cc,1097660.10595
6e33e3d2,1464035.14553
6e33e3d8,1199588.74461
6e33e3dd,1003939.29306
6e33e3e1,1237751.00312
6e33e3e4,1293324.84154
6e33e3e8,1131752.26301
6e33e3ea,1376757.98276
6e33e3ed,1555693.91822
6e33e3ef,1345394.67155
6e33e3f1,1481636.51884
6e33e3f7,1369165.21561
6e33e3fa,1152818.4333
6e33e3ff,1419747.41754
6e33e401,1227299.25467
6e33e403,1214914.0576
6e33e406,1442265.0754
6e33e409,1423596.22003
6e33e40f,1377015.5073
6e33e411,1313939.3242
6e33e415,1164664.98889
6e33e41b,918329.215619
6e33e41f,1037294.37423
6e33e421,1058671.64334
6e33e427,1019295.63865
6e33e42b,1486161.20246
6e33e42d,1094825.3493
6e33e42f,1480090.28463
6e33e431,1446815.10187
6e33e433,1307653.9291
6e33e437,1289104.24699
6e33e43d,1376360.59176
6e33e440,1548112.59745
6e33e442,1390316.12018
6e33e444,1109024.14486
6e33e447,1313070.20335
6e33e44d,1420834.11206
6e33e44f,1279244.82009
6e33e453,1414031.92009
6e33e458,1216581.73019
6e33e45d,1066038.7721
6e33e462,1357600.57677
6e33e464,1417537.35318
6e33e467,1407845.72027
6e33e46c,1263980.93264
6e33e46f,1416069.56167
6e33e473,1222859.6457
6e33e476,1261400.89697
6e33e47a,1060500.12819
6e33e47f,955564.078879
6e33e485,1380960.16737
6e33e48a,1438119.89722
6e33e48d,1473079.51713
6e33e48f,1319827.87141
6e33e492,1458425.47586
6e33e497,1472844.30997
6e33e49d,1101906.11624
6e33e4a1,1549263.69906
6e33e4a6,1475671.88491
6e33e4a9,1076872.51009
6e33e4ad,1330228.75436
6e33e4b1,1412254.65119
6e33e4b3,1382814.04095
6e33e4b5,1386066.55331
6e33e4b9,1249972.42979
6e33e4be,1500959.14807
6e33e4c3,1610103.01438
6e33e4c8,1144690.72326
6e33e4cd,1225234.02027
6e33e4cf,1461574.45924
6e33e4d1,1136743.22727
6e33e4d4,1005789.9306
6e33e4d7,1482263.38016
6e33e4d9,1524747.30032
6e33e4db,1296749.67861
6e33e4e1,1272527.92968
6e33e4e3,1320262.81079
6e33e4e9,1232686.22249
6e33e4ef,1513853.69931
6e33e4f5,1201648.56306
6e33e4fb,1258628.60601
6e33e4ff,1366196.89817
6e33e501,806742.273212
6e33e505,1486456.96314
6e33e50b,1448641.35319
6e33e50e,1301916.36135
6e33e511,1510842.15195
6e33e516,1444731.30546
6e33e51a,1560618.06063
6e33e520,1289427.419
6e33e526,1251222.38888
6e33e528,1327982.97877
6e33e52e,1265010.55233
6e33e533,1157619.4979
6e33e535,1344959.68627
6e33e53b,1512572.93834
6e33e53e,1341961.50084
6e33e540,1481059.75048
6e33e542,1051922.9794
6e33e547,1435038.70264
6e33e549,961449.518883
6e33e54d,977220.891695
6e33e553,1157892.60136
6e33e558,1483539.14214
6e33e55e,1364195.23234
6e33e563,1360051.25552
6e33e568,1107295.05916
6e33e56a,1252634.91548
6e33e56c,1326556.52189
6e33e56e,1150457.57458
6e33e573,989719.173755
6e33e579,1368800.91901
6e33e57b,1274447.50008
6e33e581,945806.406753
6e33e583,1563646.11208
6e33e587,1178357.24218
6e33e589,1205381.604
6e33e58c,1471444.17571
6e33e591,1145136.32972
6e33e596,1566362.01154
6e33e59b,1227114.18856
6e33e59e,1421592.04704
6e33e5a2,1396619.39395
6e33e5a8,1350966.71439
6e33e5aa,1500587.39248
6e33e5ad,1085142.97903
6e33e5b3,1516280.85654
6e33e5b8,1414702.80879
6e33e5bd,1153909.18125
6e33e5c2,1471993.33869
6e33e5c4,1256044.90783
6e33e5c9,1343173.59423
6e33e5cf,1027981.87617
6e33e5d3,1375642.35325
6e33e5d8,1169124.08008
6e33e5db,1231220.84292
6e33e5de,1381893.94697
6e33e5e3,1424811.31874
6e33e5e8,1059802.66055
6e33e5ee,1534951.63285
6e33e5f4,1008453.55326
6e33e5f9,1255215.54569
6e33e5fc,1178496.17502
6e33e602,1448123.21045
6e33e606,1158176.03274
6e33e60c,1305667.233
6e33e60f,1198711.66381
6e33e612,1499482.32949
6e33e618,1224355.40423
6e33e61c,1554761.70391
6e33e622,1460266.88653
6e33e628,1133804.46754
6e33e62d,1494503.04322
6e33e632,1218116.15908
6e33e634,1480548.71205
6e33e638,1340908.62367
6e33e63b,1195142.51722
6e33e640,1510008.33765
6e33e644,1425465.0489
6e33e649,1229087.7811
6e33e64e,839949.841332
6e33e650,1370128.72691
6e33e655,1395179.85817
6e33e659,1548958.88707
6e33e65d,1391906.20286
6e33e662,1428288.9163
6e33e667,1499544.57975
6e33e66a,1253029.65258
6e33e670,1287776.68885
6e33e673,1254442.0324
6e33e675,1398624.08801
6e33e678,1183231.00347
6e33e67d,1321501.23967
6e33e681,1523986.59443
6e33e684,1571587.79082
6e33e688,1482196.73299
6e33e68e,1161929.86551
6e33e694,1395968.89758
6e33e696,1067192.75284
6e33e699,1136374.42731
6e33e69f,1520622.2834
6e33e6a1,1473197.01592
6e33e6a4,1357781.96268
6e33e6a6,1496333.22659
6e33e6a9,1434749.92628
6e33e6ad,1107678.36932
6e33e6b3,1607369.84217
6e33e6b7,1412904.42176
6e33e6bb,1493164.98613
6e33e6c0,977809.879148
6e33e6c4,1400171.19179
6e33e6c6,1480383.00227
6e33e6c9,1326929.09615
6e33e6ce,1180426.95806
6e33e6d3,1480030.12455
6e33e6d5,1037458.91297
6e33e6d7,1120069.14798
6e33e6d9,1302906.61814
6e33e6dd,1521962.36293
6e33e6df,1365751.7492
6e33e6e3,1210677.7895
6e33e6e8,1465527.51519
6e33e6ed,1344619.34633
6e33e6f2,1389405.02654
6e33e6f8,1463133.99245
6e33e6fd,1285575.65282
6e33e702,1470961.03607
6e33e708,954087.581222
6e33e70d,1144666.94569
6e33e710,1471020.68635
6e33e714,1187645.65444
6e33e71a,1308886.09138
6e33e71c,1459253.27569
6e33e71e,1259814.75999
6e33e720,1196002.45113
6e33e723,905241.802602
6e33e729,952986.177665
6e33e72e,1545147.45664
6e33e732,1433575.62307
6e33e736,1089068.63277
6e33e73b,1429781.66826
6e33e73f,1071079.02155
6e33e741,1292906.75396
6e33e743,1047542.82236
6e33e749,1315470.11932
6e33e74e,899133.109669
6e33e752,1470731.22912
6e33e754,1274231.07355
6e33e758,1344760.91548
6e33e75c,1486715.31585
6e33e760,1280492.07511
6e33e764,999132.09999
6e33e769,1179993.53426
6e33e76d,1642793.07689
6e33e773,1096111.90769
6e33e777,907355.738831
6e33e77d,1070877.27679
6e33e782,1232580.81867
6e33e786,1134331.53607
6e33e78a,1468234.17686
6e33e790,1413137.13066
6e33e795,1428458.82553
6e33e799,1310113.87126
6e33e79c,1065020.57107
6e33e7a1,1384313.2014
6e33e7a4,1469163.0452
6e33e7a7,979987.238638
6e33e7aa,1329411.19625
6e33e7ae,1344426.21146
6e33e7b3,1470274.46102
6e33e7b6,1528661.22157
6e33e7b8,1258685.60301
6e33e7ba,1172439.60627
6e33e7be,901232.058673
6e33e7c1,1374557.49941
6e33e7c5,1145734.95647
6e33e7cb,1461863.62516
6e33e7cf,972663.302661
6e33e7d2,1134220.58938
6e33e7d6,976650.64775
6e33e7d8,873142.581321
6e33e7db,1262006.2432
6e33e7de,1389563.30363
6e33e7e3,1058729.75109
6e33e7e7,1316673.15419
6e33e7e9,1003056.2287
6e33e7ee,993632.171105
6e33e7f3,1192114.9263
6e33e7f8,1249409.73212
6e33e7fd,1430297.08961
6e33e803,1417345.31927
6e33e809,1442164.53889
6e33e80b,1557320.06874
6e33e80d,1117198.98717
6e33e812,1364229.4718
6e33e814,1371799.31991
6e33e81a,1407426.18951
6e33e81f,1268354.15417
6e33e824,1387405.18704
6e33e826,1445008.51098
6e33e82c,1270590.17348
6e33e831,1235539.92439
6e33e835,1414011.93803
6e33e838,1301825.38081
6e33e83d,1372030.34668
6e33e841,1462953.69665
6e33e845,1496205.96819
6e33e849,1456476.3588
6e33e84f,1352605.23924
6e33e855,1192829.65601
6e33e859,1297371.86871
6e33e85f,1380845.36729
6e33e862,973209.232178
6e33e865,1004323.2132
6e33e868,1127266.15001
6e33e86c,1346830.54925
6e33e872,1303459.31883
6e33e874,1241299.76609
6e33e877,1184307.27425
6e33e87d,839098.907276
6e33e882,1390692.79886
6e33e886,1264162.44494
6e33e88a,1492996.97036
6e33e88c,1503785.87655
6e33e88e,1207371.99636
6e33e893,1422560.41422
6e33e898,1104853.36203
6e33e89a,1198675.59867
6e33e89d,1299222.31919
6e33e89f,1439470.07675
6e33e8a4,1408796.88373
6e33e8a8,1208753.89567
6e33e8ae,1285158.94277
6e33e8b0,1114901.75958
6e33e8b2,1312770.40337
6e33e8b6,1333761.82649
6e33e8b8,1290334.3814
6e33e8bd,1349115.43161
6e33e8bf,1307978.74535
6e33e8c3,1325740.00211
6e33e8c8,1520896.56779
6e33e8cb,1287569.31402
6e33e8d0,1368937.79019
6e33e8d3,1229191.55884
6e33e8d7,1397439.19529
6e33e8dd,1182528.25925
6e33e8df,1453628.04797
6e33e8e3,1097110.75534
6e33e8e9,1482184.10585
6e33e8ec,1418807.70718
6e33e8f0,1439164.49351
6e33e8f3,846758.200513
6e33e8f5,1416240.85502
6e33e8f9,1241889.18916
6e33e8ff,1533856.8152
6e33e904,1397322.85082
6e33e906,1298933.48005
6e33e90c,1431991.97082
6e33e911,938706.735878
6e33e916,1340907.43526
6e33e919,1422752.77766
6e33e91f,1358322.73306
6e33e925,1341900.72429
6e33e928,1188026.50975
6e33e92e,1630391.55113
6e33e932,963253.47318
6e33e934,995116.174306
6e33e939,1116653.22788
6e33e93d,1414680.68892
6e33e942,1220189.71972
6e33e947,1378530.67339
6e33e94c,1058534.11384
6e33e952,1603312.62053
6e33e957,1340762.28152
6e33e959,1187391.7938
6e33e95f,1290887.14922
6e33e963,1432914.50458
6e33e967,865284.757096
6e33e96a,1173891.80402
6e33e96e,1329798.02967
6e33e973,1314625.9877
6e33e977,1240547.26197
6e33e97c,1281721.001
6e33e982,1518217.749
6e33e988,1454367.24316
6e33e98e,977796.314704
6e33e991,1591114.05714
6e33e996,1530592.98486
6e33e998,1210291.66151
6e33e99b,1479686.42309
6e33e9a0,1526530.56966
6e33e9a6,1158799.38831
6e33e9aa,1311222.22482
6e33e9af,1105711.29436
6e33e9b2,1534057.9863
6e33e9b8,1331112.24248
6e33e9bd,1567259.71466
6e33e9c3,1212658.99925
6e33e9c6,1194150.35173
6e33e9cc,1223345.41218
6e33e9d2,1204623.194
6e33e9d8,1428290.34371
6e33e9db,1464535.95424
6e33e9de,1294203.68329
6e33e9e2,1441933.29189
6e33e9e5,1336504.35565
6e33e9ea,1195013.53245
6e33e9ee,1402171.51276
6e33e9f3,1251973.54992
6e33e9f7,1393400.13497
6e33e9fd,1315910.28654
6e33ea03,1343398.55872
6e33ea09,1473262.39822
6e33ea0b,1272617.38027
6e33ea0f,968794.051896
6e33ea15,1336664.97844
6e33ea1b,1359592.16435
6e33ea21,1444622.3046
6e33ea25,1380193.95567
6e33ea29,1239261.43786
6e33ea2d,887700.413072
6e33ea2f,1208021.34475
6e33ea32,1573048.77975
6e33ea37,1083083.20818
6e33ea3d,1037708.67743
6e33ea42,1267271.31301
6e33ea47,923361.242373
6e33ea4a,1551561.50727
6e33ea4d,991402.816439
6e33ea4f,1270169.56444
6e33ea53,1229192.17805
6e33ea59,1347992.78601
6e33ea5d,1506733.44366
6e33ea63,1273992.61252
6e33ea69,1403187.73915
6e33ea6c,1419424.81759
6e33ea6e,1219733.09266
6e33ea72,1452322.42497
6e33ea75,1292568.24951
6e33ea78,1538772.94637
6e33ea7a,1271558.21701
6e33ea7c,1522022.39287
6e33ea7e,1090505.82412
6e33ea84,1229446.73568
6e33ea87,1220412.60852
6e33ea89,1482559.89365
6e33ea8c,1184765.99379
6e33ea8f,1065484.02003
6e33ea94,997922.871161
6e33ea97,1374823.47999
6e33ea9d,1269904.92115
6e33ea9f,1426202.32152
6e33eaa1,1470129.3652
6e33eaa3,1269660.57434
6e33eaa9,1549651.13009
6e33eaae,1142821.65802
6e33eab0,1421675.58966
6e33eab3,1285021.22195
6e33eab6,1275788.65181
6e33eabb,1313347.41286
6e33eabe,1255579.3298
6e33eac3,1367210.10507
6e33eac6,1427974.62321
6e33eacb,1426771.7432
6e33eacd,1072751.55883
6e33ead0,1362138.00115
6e33ead6,1052622.60851
6e33eada,930288.768825
6e33eade,1392011.53196
6e33eae0,1356819.01626
6e33eae5,1504557.62847
6e33eae7,1328387.42148
6e33eaec,1437860.55301
6e33eaef,1386375.418
6e33eaf5,1558721.55345
6e33eafa,1443042.57121
6e33eaff,1446324.03012
6e33eb01,1487101.73301
6e33eb06,1294907.27054
6e33eb08,1409266.88523
6e33eb0e,975737.237937
6e33eb10,1140079.53104
6e33eb16,1239710.99573
6e33eb1b,1295461.55644
6e33eb1d,1187869.50755
6e33eb20,1292335.92194
6e33eb22,1393129.47346
6e33eb28,1502876.3643
6e33eb2c,1466272.30061
6e33eb31,1306117.42892
6e33eb37,1351483.74878
6e33eb3c,1232986.82768
6e33eb42,1396235.15132
6e33eb44,839323.375671
6e33eb4a,1548798.49347
6e33eb4d,1278162.05764
6e33eb4f,1382267.93129
6e33eb52,831157.61804
6e33eb56,1332432.55086
6e33eb58,1495478.34082
6e33eb5d,1499071.18965
6e33eb63,1470090.32433
6e33eb66,1425859.26957
6e33eb68,1505217.07966
6e33eb6c,1057558.56126
6e33eb6e,1380222.61792
6e33eb73,1575563.71553
6e33eb79,1499864.7345
6e33eb7b,1143409.13614
6e33eb7d,883396.081346
6e33eb82,1442351.92395
6e33eb84,1528647.60345
6e33eb88,1304705.77966
6e33eb8a,1372742.25369
6e33eb8d,1151248.17806
6e33eb91,1505416.24288
6e33eb96,1350780.35155
6e33eb98,1350839.21063
6e33eb9b,946273.018772
6e33eba1,869099.212418
6e33eba3,1260915.18939
6e33eba9,1063000.25318
6e33ebae,1175834.04153
6e33ebb3,1437183.04043
6e33ebb5,1354955.94239
6e33ebb7,1187358.98723
6e33ebb9,1323170.14849
6e33ebbe,1412219.54122
6e33ebc0,1328294.18882
6e33ebc3,1487177.95481
6e33ebc7,1428281.14814
6e33ebcb,1298605.57426
6e33ebd0,1425389.3204
6e33ebd2,1366056.8287
6e33ebd6,1388907.05402
6e33ebdb,1428786.74408
6e33ebe1,1100903.70995
6e33ebe3,1206105.72159
6e33ebe6,767409.578657
6e33ebe9,1280054.68194
6e33ebef,1121035.90799
6e33ebf5,1335750.60114
6e33ebf8,1600166.34847
6e33ebfd,1105661.14102
6e33ec01,1374244.70526
6e33ec04,1103594.64659
6e33ec06,1217693.14425
6e33ec0b,1243929.65543
6e33ec0d,1297049.14785
6e33ec12,1249767.42998
6e33ec16,1514024.31179
6e33ec19,1370052.27196
6e33ec1f,1406709.91143
6e33ec25,1494048.62229
6e33ec2b,866924.63281
6e33ec2f,1063091.59701
6e33ec35,1381157.66129
6e33ec39,1175265.98585
6e33ec3d,1536670.53575
6e33ec43,992067.287687
6e33ec49,1013231.63916
6e33ec4e,1139204.62351
6e33ec52,1434368.85263
6e33ec54,1420974.01112
6e33ec59,1481071.32702
6e33ec5c,1273807.02822
6e33ec5e,1402013.89749
6e33ec61,1491797.94048
6e33ec63,1353551.7701
6e33ec69,1233948.81662
6e33ec6b,1283573.62144
6e33ec6e,1393854.90935
6e33ec71,1315892.68055
6e33ec73,1241030.34873
6e33ec79,1245151.59326
6e33ec7d,1359278.28051
6e33ec81,1345558.22864
6e33ec85,1406218.72366
6e33ec87,1110909.18326
6e33ec89,1391661.26483
6e33ec8d,1405278.48804
6e33ec92,999617.77128
6e33ec96,1294830.48777
6e33ec9c,1044968.93847
6e33eca1,1226343.21736
6e33eca3,1364764.75075
6e33eca6,1425795.59692
6e33ecaa,1314668.5694
6e33ecac,1338257.22432
6e33ecaf,1127472.62186
6e33ecb5,1161058.23141
6e33ecb8,1466693.10729
6e33ecbd,1213284.7375
6e33ecc1,1254405.5374
6e33ecc7,1011236.94079
6e33eccd,1386369.77362
6e33ecd0,1426203.84046
6e33ecd6,1414232.72817
6e33ecdb,1330860.2364
6e33ecde,1503513.76908
6e33ece1,1410516.89623
6e33ece3,1379390.88833
6e33ece7,1099653.83424
6e33ecea,1383929.34178
6e33ecec,1257085.4518
6e33ecf2,1529699.63667
6e33ecf7,1389551.06731
6e33ecfd,1370727.53231
6e33ecff,1566563.39519
6e33ed04,1308893.82575
6e33ed07,1192681.21029
6e33ed0a,1403085.84651
6e33ed0f,1399913.69933
6e33ed14,1236867.25512
6e33ed19,1256027.40333
6e33ed1d,1052671.5864
6e33ed1f,1535717.66439
6e33ed21,1159976.79148
6e33ed26,1342190.6413
6e33ed2c,1440315.42102
6e33ed32,1390107.15388
6e33ed35,1123588.14761
6e33ed38,1484350.07251
6e33ed3d,1462051.0118
6e33ed40,1214314.26505
6e33ed42,1385377.49495
6e33ed48,1102344.56782
6e33ed4d,938097.10204
6e33ed52,1256324.03148
6e33ed55,1100369.42998
6e33ed58,1465220.11158
6e33ed5a,1397648.53982
6e33ed5e,1249078.15619
6e33ed64,1442039.02196
6e33ed66,1406205.67195
6e33ed69,1491298.52493
6e33ed6b,1452297.16243
6e33ed6d,1323051.93027
6e33ed71,1532060.09961
6e33ed75,1488671.01734
6e33ed7a,1292229.69377
6e33ed7e,1133605.70731
6e33ed80,1083207.35471
6e33ed83,1362781.48817
6e33ed85,1272908.85174
6e33ed89,1411724.3274
6e33ed8c,1418291.43565
6e33ed8e,1508062.85253
6e33ed91,1470716.24776
6e33ed93,1235638.53665
6e33ed99,1181563.20625
6e33ed9b,835637.453806
6e33eda1,1462606.46833
6e33eda3,1285510.8805
6e33eda6,1345189.12527
6e33edab,1400347.07198
6e33edb0,1388763.72032
6e33edb4,1428136.87985
6e33edb6,1342485.65322
6e33edb8,1409604.63378
6e33edbc,1394639.67852
6e33edc1,1004844.68866
6e33edc6,1436549.02725
6e33edc9,1359996.19634
6e33edcf,1388472.2628
6e33edd3,1021803.39265
6e33edd5,1423686.25751
6e33edd8,1496817.65712
6e33eddb,1408256.99493
6e33edde,1227278.76239
6e33ede0,1140637.13729
6e33ede6,1177155.4977
6e33ede8,1271759.75677
6e33edee,1395675.45255
6e33edf0,956892.427596
6e33edf5,1506396.20635
6e33edf9,1392865.26366
6e33edfb,1250911.90116
6e33edfd,1104668.89542
6e33ee00,1479964.16377
6e33ee05,949400.213565
6e33ee0b,1327301.49108
6e33ee0d,1209175.83599
6e33ee13,1260789.74652
6e33ee17,1192450.10357
6e33ee1d,1257897.41222
6e33ee20,1247692.90719
6e33ee23,878628.032682
6e33ee25,1274435.8033
6e33ee2a,1500840.09833
6e33ee2d,1348597.12008
6e33ee2f,1453305.03332
6e33ee34,1163667.36944
6e33ee37,1374587.19239
6e33ee3b,1411679.904
6e33ee3d,1504250.92062
6e33ee3f,1138625.33492
6e33ee41,1334769.41583
6e33ee47,1536538.18031
6e33ee4a,1230705.45942
6e33ee4c,1414959.62602
6e33ee51,1192702.3548
6e33ee54,1225842.04858
6e33ee59,1314055.54119
6e33ee5b,1423702.74553
6e33ee61,1378907.17737
6e33ee66,1441889.48153
6e33ee6b,1415026.93355
6e33ee70,1369248.69968
6e33ee74,1460303.13632
6e33ee77,979375.153455
6e33ee7c,1451116.28135
6e33ee7f,1238503.03286
6e33ee84,1498764.62899
6e33ee88,1336042.42716
6e33ee8d,1320620.10558
6e33ee93,1115699.47983
6e33ee97,1058296.70045
6e33ee9a,1459018.20857
6e33ee9c,1426051.37739
6e33ee9f,1106831.21932
6e33eea3,1477250.33399
6e33eea6,1565141.48452
6e33eeab,1169925.15725
6e33eeaf,1493035.82206
6e33eeb3,1063087.7196
6e33eeb5,1365353.53112
6e33eeb7,1560490.73371
6e33eeba,1224627.93786
6e33eec0,1501481.36954
6e33eec2,1437130.96778
6e33eec6,1455555.72159
6e33eecc,1131531.76688
6e33eed2,1388552.80575
6e33eed7,1392733.33857
6e33eedb,910018.475735
6e33eee1,1399631.09314
6e33eee6,849050.305243
6e33eeec,1055639.94034
6e33eef0,1275651.0556
6e33eef6,1464082.79585
6e33eefb,1435078.5078
6e33ef00,1421853.76396
6e33ef05,1271123.78294
6e33ef0b,1270498.02372
6e33ef10,1165095.23391
6e33ef16,1301375.32475
6e33ef1a,1450279.76296
6e33ef1f,1123970.58334
6e33ef21,1442638.51639
6e33ef23,1375525.73502
6e33ef29,1400748.00188
6e33ef2d,1434094.46207
6e33ef33,1103361.12121
6e33ef35,1347719.74172
6e33ef3a,1011297.84871
6e33ef3f,1086672.46062
6e33ef43,1362597.14631
6e33ef47,1359477.95768
6e33ef4d,975512.736356
6e33ef50,1362455.12408
6e33ef53,1371853.56849
6e33ef55,1267444.41317
6e33ef59,1385122.99524
6e33ef5b,1287322.78271
6e33ef5f,1380072.02799
6e33ef63,1350221.68415
6e33ef69,1257823.07917
6e33ef6c,1404139.96572
6e33ef71,1324162.79697
6e33ef75,1244719.51559
6e33ef79,1541947.88159
6e33ef7b,1461082.03062
6e33ef80,1334047.74479
6e33ef85,1302151.05188
6e33ef8a,1244824.98935
6e33ef8c,1137068.0457
6e33ef90,1407878.6487
6e33ef93,1487435.59809
6e33ef98,1016553.87774
6e33ef9e,1418018.83365
6e33efa1,1487505.17421
6e33efa7,1393889.70427
6e33efa9,901790.211777
6e33efad,1416419.32401
6e33efb1,1257040.4519
6e33efb6,1316792.42091
6e33efbc,1321586.64204
6e33efbe,1207786.72393
6e33efc1,1050007.86462
6e33efc7,1314522.19932
6e33efcc,1080975.82289
6e33efcf,1108073.93953
6e33efd4,1325317.55238
6e33efd9,1524345.49049
6e33efdd,1490506.333
6e33efdf,1327935.83641
6e33efe3,1166716.84041
6e33efe5,1484133.00138
6e33efe7,1414312.57513
6e33efea,1270998.08382
6e33efec,1219308.28645
6e33efee,1115806.89301
6e33eff3,1410300.5026
6e33eff8,1263879.93898
6e33effd,1327137.19596
6e33f002,1323670.16098
6e33f005,1545634.0697
6e33f00a,1254248.27404
6e33f010,1394179.46234
6e33f016,1279212.97134
6e33f01a,1003472.43535
6e33f01e,1349903.60287
6e33f020,1253651.14036
6e33f026,1503986.89038
6e33f028,1048057.41643
6e33f02d,1264653.65762
6e33f032,1431755.36624
6e33f034,1558540.36183
6e33f03a,1450738.03858
6e33f040,1399071.45111
6e33f043,1470722.16015
6e33f048,1423850.4332
6e33f04b,1434546.30047
6e33f04f,1065529.05323
6e33f054,1602085.30951
6e33f057,1269639.76528
6e33f05c,1574386.90622
6e33f062,1564407.05698
6e33f067,1293650.17338
6e33f06c,1372993.01641
6e33f070,1100445.30569
6e33f074,1516517.92868
6e33f077,1412034.24266
6e33f079,1377567.71346
6e33f07d,1523801.76606
6e33f082,1071049.85121
6e33f084,937060.935999
6e33f089,1157443.29332
6e33f08d,1214402.84003
6e33f08f,1103468.74082
6e33f095,1111549.95302
6e33f09a,1300677.96526
6e33f09d,1203970.50263
6e33f0a0,1284136.37531
6e33f0a2,1362124.58703
6e33f0a5,1303062.99726
6e33f0aa,1036638.27221
6e33f0ae,1403023.74652
6e33f0b1,1279918.54558
6e33f0b6,1450225.83126
6e33f0b8,1487299.44236
6e33f0bd,1018229.08425
6e33f0c2,1373500.79353
6e33f0c6,1274291.83014
6e33f0cc,1209145.48046
6e33f0d2,1301963.22161
6e33f0d4,1271795.43684
6e33f0d8,1135946.21843
6e33f0de,1433632.73382
6e33f0e3,1540286.49177
6e33f0e6,1483383.68958
6e33f0e8,1087357.9839
6e33f0ed,1420351.8435
6e33f0f2,1319407.29587
6e33f0f6,988711.080443
6e33f0fc,1183648.35634
6e33f102,1236845.40607
6e33f108,1311379.96648
6e33f10d,1407513.05401
6e33f113,1350602.22399
6e33f116,1469142.68776
6e33f11c,1492145.3795
6e33f122,1184961.62905
6e33f125,996671.937456
6e33f12a,1534601.68735
6e33f12d,1283747.0381
6e33f133,1162121.78415
6e33f135,1190870.06459
6e33f13a,1241054.32205
6e33f13c,1543267.40623
6e33f13f,1456330.09176
6e33f144,1557757.17104
6e33f146,1027954.85714
6e33f14c,1286653.254
6e33f14e,1398291.0364
6e33f153,1090493.17002
6e33f155,1393359.39352
6e33f15b,1346024.82359
6e33f160,1082063.41086
6e33f166,1464476.62435
6e33f16c,1413428.59244
6e33f16e,1241429.66081
6e33f172,998043.931052
6e33f175,1251153.67383
6e33f17b,1226994.09666
6e33f17e,1170160.10744
6e33f184,1377500.40663
6e33f188,1517647.80655
6e33f18b,1478609.58235
6e33f18d,1171582.39335
6e33f192,1322441.08912
6e33f197,1160331.74142
6e33f19c,829218.40262
6e33f19e,1241684.05718
6e33f1a3,1438060.07214
6e33f1a9,1237910.43222
6e33f1ab,1345262.44804
6e33f1ad,1417084.50833
6e33f1af,1312832.25756
6e33f1b4,1048134.56257
6e33f1ba,1212490.53461
6e33f1bd,1126883.96645
6e33f1c2,1248243.19189
6e33f1c4,1449365.27961
6e33f1c9,1123416.08303
6e33f1cf,1322793.1703
6e33f1d5,1499940.00245
6e33f1da,1236699.36829
6e33f1de,1400765.20862
6e33f1e1,1279999.34446
6e33f1e6,1155109.01544
6e33f1ea,1337820.31741
6e33f1ee,1240039.27025
6e33f1f0,966147.584401
6e33f1f6,1283855.27414
6e33f1f8,1177899.45261
6e33f1fc,1138435.63279
6e33f202,1292080.32619
6e33f208,1359123.64413
6e33f20d,1284933.47594
6e33f212,1444551.48261
6e33f215,1167913.72075
6e33f218,1446035.50976
6e33f21c,1439839.7053
6e33f21e,1486514.11673
6e33f222,1391245.29429
6e33f225,1572171.56372
6e33f227,1475596.39091
6e33f22c,1424983.92126
6e33f22f,1570335.95828
6e33f233,1287341.65082
6e33f239,1195924.23581
6e33f23e,1176203.61327
6e33f242,1159730.41651
6e33f245,1490164.85474
6e33f247,1234933.657
6e33f24d,1397497.57499
6e33f253,1154394.82771
6e33f255,1499923.72425
6e33f25a,1157217.18835
6e33f25f,1441880.44721
6e33f263,1497021.78209
6e33f269,1226764.55844
6e33f26b,920051.7454
6e33f271,1260453.47326
6e33f273,1469258.5848
6e33f277,1105182.05173
6e33f27d,1517110.85348
6e33f283,1148392.7499
6e33f288,1187843.71893
6e33f28b,879400.489793
6e33f290,1449235.71709
6e33f296,1366037.59921
6e33f29c,1425841.52326
6e33f29f,1415562.55857
6e33f2a4,1339651.93494
6e33f2a7,1238074.58409
6e33f2ad,1083457.43009
6e33f2b0,1228785.85402
6e33f2b3,1486037.27017
6e33f2b9,1017355.68459
6e33f2bb,1423995.45339
6e33f2bd,1301230.40475
6e33f2c0,1398597.81806
6e33f2c2,1344886.41302
6e33f2c7,1076652.09641
6e33f2cc,1134378.42937
6e33f2d2,1473299.93727
6e33f2d6,1094808.68998
6e33f2dc,1262159.16127
6e33f2e0,1289501.67131
6e33f2e4,1434512.33389
6e33f2e7,1483765.62784
6e33f2e9,1446287.65663
6e33f2ef,1221524.95275
6e33f2f4,1424224.74557
6e33f2f7,1280294.78022
6e33f2fa,1481001.77917
6e33f2fc,990917.545081
6e33f302,1214314.59763
6e33f304,1477284.73289
6e33f307,1432603.34578
6e33f30d,1421844.72173
6e33f311,1301514.92503
6e33f315,1404666.93144
6e33f318,1311148.3013
6e33f31b,1493615.81069
6e33f321,1453341.04063
6e33f327,1400157.48017
6e33f32d,1428031.32945
6e33f332,1469129.37977
6e33f334,1326804.25411
6e33f338,1383565.34754
6e33f33d,1258608.84137
6e33f341,1560276.2953
6e33f346,1573081.11718
6e33f348,1417297.97076
6e33f34e,1349251.06426
6e33f351,1058263.40126
6e33f354,1354736.57478
6e33f356,1147401.16832
6e33f35c,1235405.18738
6e33f35f,1499100.48285
6e33f361,1101293.39149
6e33f366,1319468.23523
6e33f36c,1478589.54754
6e33f370,1359389.90001
6e33f374,1218497.67622
6e33f379,1416069.79414
6e33f37c,1319558.82347
6e33f37f,1336248.71157
6e33f385,992677.403942
6e33f38a,1526312.1638
6e33f38c,1356145.4221
6e33f391,1375930.70397
6e33f396,1408461.72491
6e33f39c,1312163.00558
6e33f3a1,1014841.18394
6e33f3a6,1361489.78056
6e33f3a8,1265290.21819
6e33f3ac,1509899.9345
6e33f3b0,1445319.76481
6e33f3b2,1383864.70613
6e33f3b6,1484637.16331
6e33f3b8,1478112.9407
6e33f3bb,1124284.40011
6e33f3bd,1320859.39233
6e33f3c0,1339431.70511
6e33f3c4,1089587.15786
6e33f3c9,1344712.08895
6e33f3cb,1104455.53465
6e33f3ce,1100338.80912
6e33f3d2,1180457.4566
6e33f3d6,1048440.10458
6e33f3db,1276429.59923
6e33f3dd,1031195.72002
6e33f3e1,1402728.26984
6e33f3e3,1452508.60014
6e33f3e5,1261684.15015
6e33f3eb,1172890.86298
6e33f3ef,1553216.32228
6e33f3f1,1386751.15401
6e33f3f3,1132671.33396
6e33f3f9,1510599.4229
6e33f3fc,1189812.04713
6e33f3ff,1561525.06848
6e33f404,1162838.41639
6e33f407,1376804.15057
6e33f40b,1573553.42841
6e33f411,968897.599526
6e33f414,1481325.25632
6e33f41a,876328.652195
6e33f41c,1034886.58048
6e33f421,1061458.17579
6e33f425,1287529.0707
6e33f427,1207412.7327
6e33f42c,1587232.43213
6e33f42e,1466577.81633
6e33f431,1220076.20555
6e33f437,1301424.99233
6e33f43a,1309680.4799
6e33f440,1366706.57981
6e33f442,1092765.64831
6e33f445,1073270.47161
6e33f44b,1403330.70365
6e33f44e,1495295.77722
6e33f451,1281597.50361
6e33f456,1464869.93523
6e33f459,1406420.48296
6e33f45f,1425633.81603
6e33f461,1365002.07056
6e33f463,1420595.79803
6e33f465,1302609.62951
6e33f468,1305203.8352
6e33f46e,1173642.55826
6e33f470,1322450.84147
6e33f473,1439290.09989
6e33f476,1476654.32978
6e33f479,1414645.06399
6e33f47b,1145559.03115
6e33f47d,1369675.43898
6e33f481,1408921.79112
6e33f483,1283463.2272
6e33f485,1272367.13753
6e33f48a,1144886.93721
6e33f48d,1199098.05718
6e33f490,1414147.45597
6e33f496,1415939.11047
6e33f49c,1195272.56024
6e33f49e,1397915.72899
6e33f4a0,1534148.8493
6e33f4a5,1132510.96714
6e33f4a8,1405553.86904
6e33f4ae,1008541.05538
6e33f4b3,1083780.6449
6e33f4b9,1450381.36171
6e33f4bd,1295709.0952
6e33f4bf,798944.366655
6e33f4c3,1299051.29877
6e33f4c7,1339865.60362
6e33f4ca,1003057.67972
6e33f4cc,1340130.94228
6e33f4d0,1274526.56983
6e33f4d3,1609831.42788
6e33f4d5,953849.621805
6e33f4da,1228587.73485
6e33f4dc,1454608.89217
6e33f4de,1247770.92766
6e33f4e4,1071271.90267
6e33f4ea,1485286.9333
6e33f4ec,1405718.88562
6e33f4f2,1276337.14462
6e33f4f8,1287537.21648
6e33f4fc,1233759.04283
6e33f502,1032757.5971
6e33f508,1274762.08614
6e33f50b,1285851.9732
6e33f511,1214126.72253
6e33f517,1281951.32547
6e33f51b,1216154.72594
6e33f51f,1444592.28596
6e33f524,1193819.32779
6e33f527,1167260.17677
6e33f52a,1423847.18198
6e33f52c,1481669.45075
6e33f531,1146640.05173
6e33f537,1215896.48473
6e33f53c,1365936.45436
6e33f53f,1305062.75482
6e33f541,1274561.08963
6e33f543,1381018.87147
6e33f547,1352359.99208
6e33f54c,1551452.36921
6e33f550,1420280.89559
6e33f552,1394884.10823
6e33f556,1404654.22943
6e33f55c,1440177.70184
6e33f560,1511031.89257
6e33f563,1131026.842
6e33f565,1325944.08084
6e33f56b,1533377.91228
6e33f56e,1333477.62111
6e33f570,1224801.98319
6e33f574,1548913.82765
6e33f579,1142141.42828
6e33f57f,1282921.9018
6e33f581,1360274.58143
6e33f587,1152953.35119
6e33f58d,1435599.38931
6e33f593,1178005.52725
6e33f599,1444437.56649
6e33f59b,1179743.99242
6e33f59e,1122419.52475
6e33f5a4,1531184.76493
6e33f5a8,1206320.32841
6e33f5ac,1214264.14758
6e33f5b1,1485210.28407
6e33f5b5,1504893.10877
6e33f5b8,1243217.37346
6e33f5be,1053928.09194
6e33f5c3,952640.305706
6e33f5c8,1489417.59396
6e33f5cd,1229373.81397
6e33f5d1,1287806.48229
6e33f5d4,1288847.91692
6e33f5d7,1494853.64059
6e33f5d9,1293588.83181
6e33f5de,1397525.52279
6e33f5e0,1399245.99844
6e33f5e5,1347231.93745
6e33f5e7,1412155.06106
6e33f5eb,1258040.71845
6e33f5f1,1406080.46659
6e33f5f6,1379271.29591
6e33f5fc,1454561.44309
6e33f5ff,1057524.32982
6e33f601,1480085.80872
6e33f606,1232414.54912
6e33f608,1363671.29522
6e33f60e,889120.38008
6e33f612,1141026.2222
6e33f615,1363447.03733
6e33f61b,1374169.97538
6e33f61d,1064537.51789
6e33f620,1071205.49322
6e33f625,1200682.17063
6e33f628,1193379.57565
6e33f62b,1402524.93289
6e33f62d,1152413.87374
6e33f630,1559399.30377
6e33f636,1212158.99711
6e33f63a,1281319.366
6e33f63c,1370756.65197
6e33f63e,1379486.34007
6e33f640,1235321.73557
6e33f642,1461895.13739
6e33f648,1247991.88157
6e33f64a,1128210.45025
6e33f64d,1496155.12887
6e33f651,1266733.19245
6e33f655,1221032.10029
6e33f659,1262011.82111
6e33f65c,1446648.90318
6e33f662,1356681.42317
6e33f664,1487846.74328
6e33f666,1418994.92199
6e33f669,1259212.60132
6e33f66c,1280421.76593
6e33f670,1019535.83786
6e33f674,1332156.77694
6e33f679,1478262.09812
6e33f67c,1468242.56076
6e33f67e,1122959.90394
6e33f681,1424643.27174
6e33f684,1497769.57756
6e33f689,1239695.07522
6e33f68f,1478309.16383
6e33f691,1362085.12478
6e33f693,1249983.39239
6e33f699,1133360.53434
6e33f69c,1456502.15549
6e33f6a0,1025769.55524
6e33f6a6,1048548.50521
6e33f6a8,1574758.32388
6e33f6ae,1092375.33989
6e33f6b3,1068507.65483
6e33f6b6,918367.684299
6e33f6b9,1272599.52275
6e33f6bf,1497279.42013
6e33f6c3,1474092.56356
6e33f6c8,1528982.2583
6e33f6cb,1037710.28138
6e33f6cd,1415330.57891
6e33f6d0,1208908.25842
6e33f6d3,1352568.6835
6e33f6d7,1177041.40775
6e33f6dd,1392235.07303
6e33f6e2,1406458.10353
6e33f6e6,1189253.72269
6e33f6e9,1443018.9665
6e33f6ef,1222797.13075
6e33f6f2,1214000.38246
6e33f6f7,1230214.82121
6e33f6fc,1079114.02195
6e33f701,1300269.67375
6e33f704,1178342.83032
6e33f709,1405512.11648
6e33f70d,1175189.46291
6e33f712,1359742.72616
6e33f714,1305942.36129
6e33f718,1261720.4271
6e33f71c,1545376.33428
6e33f71e,1330442.43634
6e33f724,1341343.96675
6e33f729,1481543.39353
6e33f72b,1394299.76511
6e33f72e,1429036.35089
6e33f730,1460034.17519
6e33f735,1379426.03414
6e33f738,1247505.88081
6e33f73a,1389653.71889
6e33f740,1368631.09444
6e33f743,1363345.0658
6e33f747,1154173.52089
6e33f74d,1049204.38377
6e33f750,1222051.01111
6e33f755,1278793.5577
6e33f758,1514248.03398
6e33f75a,1282047.67877
6e33f75d,1410621.17612
6e33f761,1251553.99888
6e33f763,1510589.19337
6e33f767,1296276.57963
6e33f76c,1396507.03772
6e33f76f,1441851.83527
6e33f771,1557880.96794
6e33f773,1136238.35328
6e33f775,1102374.77388
6e33f779,1363197.73871
6e33f77b,1279693.6889
6e33f781,1510394.44357
6e33f785,1322906.53011
6e33f787,1358117.35645
6e33f78b,1182466.73484
6e33f78e,1456298.81035
6e33f790,1343570.74699
6e33f793,1591383.4052
6e33f797,1348645.12553
6e33f79a,1140199.63622
6e33f79f,1370884.56058
6e33f7a2,1343455.3262
6e33f7a6,1274258.76447
6e33f7a8,1580172.02695
6e33f7ad,1416065.17349
6e33f7b0,1459892.09511
6e33f7b3,1309575.98092
6e33f7b5,1434914.779
6e33f7b7,1263674.33203
6e33f7bc,1378084.48396
6e33f7c1,1262915.98886
6e33f7c5,1524626.12099
6e33f7c7,1294898.99299
6e33f7cc,1423750.3993
6e33f7d0,1271504.04724
6e33f7d2,1111933.63933
6e33f7d4,1435207.04485
6e33f7da,1152614.83536
6e33f7df,1637537.96777
6e33f7e4,1199699.77686
6e33f7e9,1336575.56383
6e33f7ec,1054508.81374
6e33f7f0,1407686.46367
6e33f7f4,1343321.45747
6e33f7f8,1018051.21561
6e33f7fa,1281136.25619
6e33f7fd,1278885.8265
6e33f802,1056095.94574
6e33f804,1559038.00533
6e33f808,1398873.8024
6e33f80d,1204242.7358
6e33f812,1485979.45259
6e33f814,1531676.79735
6e33f816,1401903.73109
6e33f81a,1412461.83565
6e33f81e,1256730.75152
6e33f824,1351853.90431
6e33f828,1154102.30355
6e33f82b,1412590.38711
6e33f82e,1533924.82182
6e33f830,1442539.78793
6e33f835,1006006.71836
6e33f83b,1328999.69177
6e33f840,1333422.95875
6e33f843,1022253.84593
6e33f848,1433732.05202
6e33f84e,1292878.42656
6e33f854,1301546.45661
6e33f85a,1486935.93989
6e33f85d,1090480.15915
6e33f860,1522401.55531
6e33f864,1522558.03024
6e33f868,1166991.4646
6e33f86d,1398623.24986
6e33f872,1412239.21163
6e33f875,1545853.13981
6e33f877,1407794.25953
6e33f87a,1178323.60444
6e33f87c,1398156.6111
6e33f87f,1422708.08204
6e33f885,1415137.63602
6e33f887,1060759.49359
6e33f88b,1307299.32114
6e33f88f,1458466.18625
6e33f891,1403662.69994
6e33f896,1279325.25927
6e33f899,1381428.10136
6e33f89b,1220812.8836
6e33f8a0,1306984.33471
6e33f8a5,1401553.24024
6e33f8a9,1048817.36847
6e33f8ac,1406619.92674
6e33f8b1,1434883.74398
6e33f8b4,1275854.11485
6e33f8b7,1609026.97388
6e33f8bc,1247316.3423
6e33f8c1,1261986.73407
6e33f8c3,1360724.58264
6e33f8c6,1499161.95335
6e33f8cc,1646482.01564
6e33f8d2,1146518.67786
6e33f8d7,1507912.73042
6e33f8da,1362777.63865
6e33f8df,1342341.95516
6e33f8e2,1522030.43832
6e33f8e4,1364029.38454
6e33f8ea,1455870.79742
6e33f8f0,1423029.98948
6e33f8f3,1411072.43949
6e33f8f7,1354922.74308
6e33f8f9,1445568.88603
6e33f8fb,1190212.484
6e33f8fe,1314627.78472
6e33f902,1139074.51965
6e33f906,1512022.48073
6e33f90c,1513962.86697
6e33f90e,1262983.29396
6e33f914,1302821.5932
6e33f918,1539735.77555
6e33f91d,1458122.18467
6e33f921,1158227.16671
6e33f923,1504585.16635
6e33f926,844461.083502
6e33f92c,1533894.60368
6e33f930,1444784.09472
6e33f934,1380402.05807
6e33f936,1249666.32312
6e33f93a,1366536.52251
6e33f93e,1538761.64005
6e33f942,1403972.57985
6e33f945,1368592.25242
6e33f949,1312305.17931
6e33f94f,1493659.03351
6e33f952,1218522.19484
6e33f957,1005838.46941
6e33f95d,1482664.95239
6e33f960,879270.801534
6e33f964,1277780.10275
6e33f96a,1299283.10372
6e33f970,1284589.91397
6e33f974,1465909.18701
6e33f979,1504753.14155
6e33f97d,1422610.71622
6e33f983,1403792.77501
6e33f985,1420489.68675
6e33f98b,937444.740014
6e33f991,1447976.93731
6e33f997,1204218.40078
6e33f99a,1495626.57447
6e33f99f,1174160.2807
6e33f9a2,1631793.64127
6e33f9a7,1491789.19983
6e33f9a9,1214128.14974
6e33f9ae,1180789.80585
6e33f9b1,1322974.4009
6e33f9b6,1459877.72803
6e33f9bc,1490579.05646
6e33f9bf,1401532.63862
6e33f9c1,1296204.094
6e33f9c5,1137143.10195
6e33f9c9,1303522.91375
6e33f9ce,1296242.74299
6e33f9d0,1546628.02253
6e33f9d5,1127570.80577
6e33f9d9,1257256.70388
6e33f9de,1429191.23422
6e33f9e1,1190803.56829
6e33f9e6,1510236.3235
6e33f9ea,1446201.9417
6e33f9ee,1315188.81962
6e33f9f0,1249508.55506
6e33f9f2,1325549.75851
6e33f9f4,1454168.05189
6e33f9f6,1275358.85808
6e33f9fb,1348329.69958
6e33f9fe,1296465.47907
6e33fa01,1385690.10934
6e33fa06,1457931.02538
6e33fa0c,1146624.70241
6e33fa11,1388298.92481
6e33fa16,1144467.16282
6e33fa18,1473837.62117
6e33fa1d,1454965.9172
6e33fa21,1273229.1102
6e33fa27,1378962.61382
6e33fa2a,1396942.54275
6e33fa2c,1063784.67542
6e33fa31,1209956.90272
6e33fa33,1440446.4596
6e33fa37,1573610.21967
6e33fa39,1496903.05414
6e33fa3b,1083994.51134
6e33fa41,1380485.81674
6e33fa44,1428268.19796
6e33fa47,1105839.04863
6e33fa4a,1274416.01449
6e33fa4c,1314476.56067
6e33fa4f,1196426.53828
6e33fa53,1025273.46717
6e33fa58,1064199.88424
6e33fa5b,1042865.87876
6e33fa5f,1163960.01876
6e33fa62,1289378.05487
6e33fa67,1315871.67263
6e33fa6b,1150609.48335
6e33fa6f,1018361.54082
6e33fa72,1167885.62169
6e33fa75,1403434.33093
6e33fa78,1457789.17764
6e33fa7a,1355931.94473
6e33fa7f,1339167.81276
6e33fa82,1377164.26251
6e33fa87,1438206.85654
6e33fa8a,1521059.18769
6e33fa8d,1292851.16166
6e33fa93,1304779.09223
6e33fa97,1489511.1738
6e33fa9d,1514840.49676
6e33fa9f,1444195.16678
6e33faa2,1414136.79136
6e33faa6,1492268.1054
6e33faaa,1002603.84041
6e33fab0,1417124.16943
6e33fab4,1369684.16008
6e33fab9,1476030.05454
6e33fabb,1549102.15414
6e33fac0,1359357.92532
6e33fac3,1010448.64925
6e33fac9,1199209.03635
6e33facb,1106782.90588
6e33face,1420795.78654
6e33fad2,1426672.24283
6e33fad6,1347154.94332
6e33fad8,1403921.08425
6e33fadc,1317229.22158
6e33fae0,1318438.93579
6e33fae5,1264510.68861
6e33fae8,1562990.72841
6e33faeb,1194169.26465
6e33faf1,1342606.16873
6e33faf6,885922.544403
6e33faf8,1319386.42665
6e33fafe,1062110.18713
6e33fb02,1294027.53089
6e33fb06,1318133.24847
6e33fb0c,734803.548182
6e33fb0e,1372520.76909
6e33fb14,1257134.39651
6e33fb19,1454498.68974
6e33fb1c,1351267.29009
6e33fb20,1491033.57087
6e33fb24,1344712.15404
6e33fb28,1465883.24017
6e33fb2e,1235024.14714
6e33fb34,1211141.20062
6e33fb39,1134268.82927
6e33fb3c,1181019.15163
6e33fb40,1202402.87303
6e33fb46,1136736.98223
6e33fb4a,1387266.92904
6e33fb4c,1626212.97839
6e33fb4e,1174954.53238
6e33fb50,1396106.38492
6e33fb54,1300918.42652
6e33fb5a,1431686.14377
6e33fb5d,973138.770108
6e33fb5f,859236.585875
6e33fb62,1423187.85243
6e33fb67,1401543.38396
6e33fb6c,1478729.26826
6e33fb70,1467588.67714
6e33fb73,1389350.57127
6e33fb77,1336963.81026
6e33fb7d,1250024.72238
6e33fb83,1105783.35338
6e33fb89,1163655.97285
6e33fb8d,1378780.38856
6e33fb93,1707155.62425
6e33fb95,1348860.38887
6e33fb97,1259517.46784
6e33fb9c,1422451.65525
6e33fba1,1519350.25067
6e33fba3,953072.986608
6e33fba6,1510040.83753
6e33fba8,1377101.13609
6e33fbae,1217496.11943
6e33fbb3,1462844.0751
6e33fbb7,1417521.91169
6e33fbba,1262860.04491
6e33fbbf,1375667.87482
6e33fbc3,1313177.33094
6e33fbc6,1368033.11821
6e33fbcb,1197032.83445
6e33fbcd,1408467.12419
6e33fbd0,1270784.55809
6e33fbd4,1437164.5205
6e33fbd7,1460198.93321
6e33fbdb,1188545.61194
6e33fbdd,1025333.16072
6e33fbe3,966497.165033
6e33fbe8,950674.087637
6e33fbea,817114.541554
6e33fbee,1376085.94623
6e33fbf0,1229478.00062
6e33fbf3,1350327.8308
6e33fbf7,851303.606877
6e33fbf9,1499008.67145
6e33fbfe,1297603.59075
6e33fc04,1457969.91293
6e33fc08,1442043.24675
6e33fc0d,1285608.50216
6e33fc10,1413413.07777
6e33fc14,946984.057999
6e33fc18,1521984.61834
6e33fc1d,1309338.0339
6e33fc22,1113795.04221
6e33fc27,1504161.46921
6e33fc2d,1164214.6353
6e33fc33,1460267.50374
6e33fc36,1357216.72576
6e33fc3b,1559657.28483
6e33fc3f,1312913.82162
6e33fc41,1436282.05687
6e33fc46,1266835.79131
6e33fc4b,1288702.59125
6e33fc50,983088.538519
6e33fc52,1530788.17762
6e33fc57,1392166.77355
6e33fc5d,906776.283073
6e33fc63,1547037.88325
6e33fc65,1572416.03956
6e33fc6b,1431364.90947
6e33fc71,1308763.76876
6e33fc74,900666.670547
6e33fc76,1431238.27682
6e33fc7b,1075970.2359
6e33fc81,1045604.0624
6e33fc86,1216413.53514
6e33fc88,1457374.684
6e33fc8c,1364856.71999
6e33fc8e,1069362.63379
6e33fc92,1344247.33551
6e33fc96,1081534.25786
6e33fc9c,1385946.58649
6e33fc9f,1487041.92597
6e33fca5,1438850.05592
6e33fcab,1175733.91002
6e33fcb0,1364114.0289
6e33fcb6,1165897.30875
6e33fcb8,1565324.26999
6e33fcbc,1262135.37391
6e33fcc1,1334971.32018
6e33fcc5,1413360.10424
6e33fcc8,1518668.33674
6e33fccb,1448970.29482
6e33fccf,1409317.42869
6e33fcd3,1428656.32362
6e33fcd9,1348403.52965
6e33fcdc,1231517.56067
6e33fce0,1232556.53006
6e33fce3,1382252.20114
6e33fce9,1347354.63292
6e33fcef,1473445.68218
6e33fcf2,1116909.16612
6e33fcf5,1362528.0408
6e33fcf7,1133713.15757
6e33fcfd,1342658.02616
6e33fd03,1506712.85451
6e33fd09,1310931.06814
6e33fd0d,1251300.12247
6e33fd0f,1093322.7302
6e33fd13,1118841.98806
6e33fd17,1278462.34458
6e33fd1b,915325.675618
6e33fd1e,1266137.67473
6e33fd20,1288161.5475
6e33fd23,1443629.01874
6e33fd27,1383253.61093
6e33fd2c,1242267.87837
6e33fd30,1158565.3567
6e33fd34,1548898.48312
6e33fd39,1258558.9656
6e33fd3b,1173416.18862
6e33fd3d,1091762.61432
6e33fd41,1366530.7363
6e33fd43,1252792.03704
6e33fd49,1128259.64099
6e33fd4c,1275028.79405
6e33fd51,1447692.03001
6e33fd57,960510.325718
6e33fd59,1089377.74185
6e33fd5c,1273156.14124
6e33fd62,1434335.7991
6e33fd67,1421320.43689
6e33fd69,1434214.07851
6e33fd6c,1293614.22764
6e33fd70,1274550.40371
6e33fd74,1091753.33909
6e33fd79,1437321.61261
6e33fd7b,1107209.84531
6e33fd7d,1340693.45859
6e33fd81,1232954.74505
6e33fd85,1214012.16541
6e33fd87,1429452.33391
6e33fd89,1044466.5549
6e33fd8e,1489882.5297
6e33fd90,1123874.56148
6e33fd94,1288962.63931
6e33fd99,1163642.33811
6e33fd9c,1078679.84532
6e33fd9f,1399236.08399
6e33fda2,1316254.26683
6e33fda8,1263754.46186
6e33fdac,1429412.18017
6e33fdb1,1197442.6181
6e33fdb7,1530509.47311
6e33fdba,1363052.9112
6e33fdc0,1453004.60077
6e33fdc2,1424856.19747
6e33fdc6,1296302.80676
6e33fdcc,1298199.33943
6e33fdd2,1541218.65457
6e33fdd4,1430898.10814
6e33fdda,1410756.88916
6e33fddc,1581073.53366
6e33fddf,1310138.00314
6e33fde1,1327408.02271
6e33fde7,1416862.3957
6e33fdeb,1440715.11326
6e33fdf1,1131071.91515
6e33fdf3,1440169.4497
6e33fdf5,1093578.64942
6e33fdf7,1476431.2704
6e33fdfa,1306901.13114
6e33fdfc,1269744.76623
6e33fdff,1279926.40792
6e33fe04,1348856.56176
6e33fe07,1172814.46934
6e33fe0a,1324181.07946
6e33fe10,1142122.15948
6e33fe14,1455741.14791
6e33fe1a,1463828.91351
6e33fe1d,1254748.46779
6e33fe1f,1045360.83422
6e33fe21,1433759.21686
6e33fe27,1423612.69347
6e33fe2d,1294482.83732
6e33fe2f,1365916.98012
6e33fe32,1152788.06071
6e33fe36,1360334.7363
6e33fe38,1423239.93149
6e33fe3c,1464031.85119
6e33fe42,1341785.44453
6e33fe46,1530599.76251
6e33fe49,1421888.84011
6e33fe4f,1329551.1903
6e33fe51,1345366.75574
6e33fe53,1433141.50623
6e33fe55,1300555.44402
6e33fe59,1204421.85671
6e33fe5f,1310305.25122
6e33fe65,1336450.2173
6e33fe6a,901669.79414
6e33fe6e,1417016.91257
6e33fe70,1479220.72782
6e33fe76,1397682.69321
6e33fe78,1152465.50908
6e33fe7e,982613.686392
6e33fe80,1292332.814
6e33fe84,1221748.98009
6e33fe86,1223016.54238
6e33fe88,993472.369799
6e33fe8c,1057845.76809
6e33fe8f,1289412.5586
6e33fe91,1391714.81
6e33fe97,1425297.18287
6e33fe9a,1486110.96733
6e33fe9d,1398142.19296
6e33fea2,1293360.87119
6e33fea6,1248586.05837
6e33feab,1456713.10083
6e33feae,1336966.08802
6e33feb0,1487790.85607
6e33feb3,1345042.23549
6e33feb7,1186452.20835
6e33feb9,1295774.2399
6e33febd,1366092.41424
6e33fec3,1486832.04822
6e33fec8,1206085.14364
6e33fece,1370599.85061
6e33fed3,1359492.50205
6e33fed9,1152664.87176
6e33fede,1249322.53343
6e33fee2,1447495.28878
6e33fee6,1336462.03625
6e33feec,1465241.03508
6e33feee,1052422.60492
6e33fef1,1251547.52828
6e33fef3,1312215.83652
6e33fef7,1600420.26207
6e33fefa,1016812.26056
6e33feff,1306495.30062
6e33ff04,1276782.90881
6e33ff08,1372557.0475
6e33ff0b,1374086.68253
6e33ff0d,1175101.88044
6e33ff10,1448378.336
6e33ff14,1611467.47263
6e33ff18,1320450.95574
6e33ff1d,1435514.95512
6e33ff1f,1027535.13221
6e33ff23,1282866.95447
6e33ff26,1249787.72345
6e33ff28,1391999.63148
6e33ff2d,1352360.45721
6e33ff32,1527080.34679
6e33ff36,1381545.10229
6e33ff39,1155885.82979
6e33ff3f,1399566.39634
6e33ff45,1398698.87112
6e33ff47,1282387.28916
6e33ff49,984079.684544
6e33ff4e,1283005.98089
6e33ff53,971668.809571
6e33ff55,1409295.83511
6e33ff5a,1163550.41558
6e33ff5c,1420030.11338
6e33ff5f,1335227.1689
6e33ff63,1321010.24558
6e33ff67,1156198.02154
6e33ff6c,1466252.84531
6e33ff6e,1417492.47887
6e33ff70,1276104.55812
6e33ff76,996032.017713
6e33ff7c,1408450.11736
6e33ff7f,1324830.21641
6e33ff84,1097077.18525
6e33ff88,1247232.82774
6e33ff8a,1300338.32371
6e33ff8f,916205.204528
6e33ff91,1528746.30014
6e33ff94,1068719.11236
6e33ff97,1432479.45864
6e33ff99,1528853.44545
6e33ff9e,1405108.92943
6e33ffa0,1442019.63829
6e33ffa2,1422758.49957
6e33ffa5,1462974.63721
6e33ffa9,1484581.90556
6e33ffac,1226583.58547
6e33ffb2,1421831.70729
6e33ffb8,1180791.12868
6e33ffba,1425127.79828
6e33ffbf,1457487.22517
6e33ffc3,1461094.97706
6e33ffc5,1470576.99205
6e33ffc9,1333645.28413
6e33ffce,1090344.61154
6e33ffd0,1293448.96287
6e33ffd6,1114051.70931
6e33ffdb,1361543.73208
6e33ffdd,1371497.11057
6e33ffe3,1241817.47607
6e33ffe9,1257291.38136
6e33ffec,980012.73522
6e33fff2,1504053.82223
6e33fff6,1283892.40981
6e33fff8,1634688.62178
6e33fffc,1177026.46589
6e340000,955063.532445
6e340005,1358327.31604
6e340007,1492908.43193
6e34000c,1427607.88358
6e340012,1582125.44446
6e340018,904053.252787
6e34001e,1169511.82401
6e340020,1345201.17255
6e340026,1286284.39714
6e340028,1314251.17425
6e34002d,1454839.01783
6e340031,1212712.36574
6e340034,1433546.31336
6e340039,1252333.84425
6e34003f,1357254.38199
6e340043,1480058.92644
6e340046,1103121.71683
6e34004c,1077491.41121
6e340052,1166305.80925
6e340057,1337968.80943
6e34005c,1294423.37213
6e340061,1427948.98501
6e340064,1339874.21234
6e34006a,1317817.80484
6e34006f,1380548.92021
6e340071,1439356.50658
6e340075,1188760.98656
6e340077,1230318.42871
6e34007d,1422841.94706
6e340082,1301379.65295
6e340087,1557369.89139
6e34008b,1217379.78246
6e34008f,1060021.07291
6e340093,1282418.42236
6e340096,1328118.73255
6e340098,1193237.16376
6e34009e,1300117.88078
6e3400a0,1350279.99813
6e3400a3,1449107.4755
6e3400a5,1222027.31021
6e3400a8,1445519.98552
6e3400ae,1258490.2808
6e3400b2,1272491.40849
6e3400b4,1460765.21704
6e3400b8,1442930.82781
6e3400bc,1385827.9751
6e3400c2,1286611.11563
6e3400c6,1497372.62205
6e3400cb,1116922.19105
6e3400cd,1211835.8316
6e3400d3,1337452.43915
6e3400d8,1297421.47196
6e3400dd,1340938.39553
6e3400e0,1168690.92304
6e3400e6,880930.972252
6e3400ea,1444220.63345
6e3400ee,912754.282968
6e3400f3,1371911.4051
6e3400f6,1299254.14551
6e3400fb,1125924.09456
6e340101,962324.131262
6e340103,1354075.62667
6e340107,1422274.53386
6e340109,1340504.71428
6e34010b,1288743.79917
6e34010d,1397444.53499
6e340110,1422723.93065
6e340116,1210073.32028
6e340118,1202481.21134
6e34011b,1357437.97948
6e34011e,1489077.00296
6e340124,1288929.37018
6e34012a,1440781.23978
6e34012d,1238513.38853
6e340132,1475113.07037
6e340134,1200443.17087
6e34013a,1377190.2149
6e340140,1279951.28888
6e340146,1064354.25791
6e34014c,1436620.21495
6e34014f,1320239.04284
6e340152,1473538.78657
6e340155,1418252.3809
6e340158,1258904.92191
6e34015e,1341416.46402
6e340163,1414793.59839
6e340169,1154666.40068
6e34016d,1294337.3138
6e340172,1452054.1887
6e340177,1428340.80226
6e34017c,1561949.56753
6e340182,1430241.37357
6e340186,1283975.37476
6e34018c,931678.726511
6e340191,1611416.32618
6e340195,1538622.9434
6e340199,1177551.74241
6e34019e,962633.583644
6e3401a2,1431470.62194
6e3401a8,1235919.72988
6e3401aa,1559563.37195
6e3401b0,1449295.98724
6e3401b5,1219725.01749
6e3401b7,1545085.23648
6e3401bb,1143510.55707
6e3401bf,1359482.37511
6e3401c4,1238101.74706
6e3401c9,1391486.07967
6e3401cf,1186190.04501
6e3401d5,1483530.11831
6e3401db,1077217.80585
6e3401df,1257174.70818
6e3401e3,1247826.36685
6e3401e7,1359762.29776
6e3401e9,1608684.53822
6e3401ee,1320257.27318
6e3401f4,1137353.15538
6e3401f9,1414781.86275
6e3401fd,1224757.20399
6e340202,1297707.65803
6e340206,1283622.3627
6e340208,1479420.52794
6e34020b,1271007.3749
6e340211,1446187.89908
6e340214,1332707.22186
6e340218,1403008.47664
6e34021b,980563.673915
6e340221,1520970.93747
6e340225,1065670.0768
6e340228,1373780.08283
6e34022d,1575420.74357
6e34022f,1280025.60971
6e340235,1263267.03776
6e34023a,1502634.29355
6e340240,1518926.86095
6e340244,906508.459216
6e340246,1428560.88546
6e340249,1403205.9174
6e34024d,1313163.65898
6e34024f,998202.8024
6e340255,1324636.11996
6e340257,1245433.33093
6e34025a,1373472.77103
6e34025e,1447962.59436
6e340263,1368660.24191
6e340265,1417434.87752
6e340269,1486473.2675
6e34026f,1430707.8745
6e340274,1235782.93912
6e340279,1555718.54931
6e34027b,1291607.01885
6e34027f,1366842.3907
6e340282,1140088.33769
6e340285,1232826.808
6e34028b,1118305.28289
6e340290,1311639.81394
6e340292,1251262.65423
6e340297,1359031.21626
6e34029a,1405576.01155
6e34029c,1452213.82894
6e3402a0,1351566.65225
6e3402a5,1487915.08043
6e3402aa,1267473.32293
6e3402ad,1193599.26656
6e3402b2,1386121.07039
6e3402b4,1299491.37977
6e3402b7,989059.501015
6e3402bc,1264055.72999
6e3402c0,1401388.9036
6e3402c3,1411184.80377
6e3402c5,1301084.57542
6e3402c7,1454986.53131
6e3402ca,1273645.4221
6e3402d0,1412400.48845
6e3402d6,1228313.0766
6e3402da,1350113.59706
6e3402e0,1124916.16173
6e3402e6,1353413.04953
6e3402ea,1147441.9237
6e3402ee,1425158.01432
6e3402f4,1523392.90899
6e3402f8,1250032.88038
6e3402fa,1321304.25489
6e3402fc,1192893.08236
6e3402ff,1153889.10743
6e340302,1286271.16293
6e340308,1531668.17992
6e34030c,1077581.89853
6e340311,1394301.91109
6e340317,952775.911127
6e34031a,1460411.51684
6e34031c,1497655.76869
6e340320,1416990.67862
6e340325,1413319.97504
6e34032a,1403240.23434
6e34032c,1530794.91538
6e340331,1240997.53425
6e340333,1486213.4414
6e340337,1248546.58409
6e34033b,1320255.73896
6e34033f,1408578.88914
6e340342,1387943.8254
6e340344,1239124.18968
6e340349,1470356.54276
6e34034b,1582771.94722
6e34034d,1241899.59436
6e340352,1527741.00141
6e340356,1278131.86021
6e34035b,1424862.71892
6e340361,1040358.78145
6e340366,1417200.93431
6e34036c,1187548.05576
6e34036e,1324969.09603
6e340370,1204636.45373
6e340373,1303954.53667
6e340379,1042986.35064
6e34037e,1336403.70738
6e340380,1510619.85332
6e340385,1584890.50272
6e34038a,1311233.65082
6e340390,1370616.58933
6e340396,1579840.81009
6e34039c,1300398.18047
6e34039f,1236522.80182
6e3403a4,1546494.34919
6e3403a8,1257916.98063
6e3403ae,1422990.63042
6e3403b3,1356166.70588
6e3403b6,1044122.61084
6e3403bb,1304342.17726
6e3403bf,1327240.50416
6e3403c2,1010931.11784
6e3403c4,1408403.53534
6e3403ca,1412744.86601
6e3403cd,1400509.46339
6e3403d0,1317864.74751
6e3403d5,1380169.3481
6e3403d9,1416402.12923
6e3403df,1447195.27561
6e3403e3,1056666.83666
6e3403e7,1298987.70236
6e3403ea,1507808.61
6e3403ef,1498399.78872
6e3403f3,992079.659885
6e3403f8,1294941.13977
6e3403fb,1502743.75653
6e340401,1150725.32741
6e340406,1450812.98467
6e340408,1341907.93641
6e34040e,1429054.70234
6e340413,1416003.3709
6e340415,1155334.54974
6e340418,1403624.22022
6e34041d,1198157.39482
6e34041f,1056313.4333
6e340422,1028002.86928
6e340427,1307621.12313
6e34042b,1292047.8927
6e34042e,1373401.37865
6e340433,1364393.63435
6e340437,1224340.57688
6e340439,935503.279106
6e34043e,1396191.40573
6e340441,1452239.261
6e340443,1420338.49337
6e340447,1248725.92381
6e34044d,1384674.33307
6e340450,1457115.66729
6e340456,1350647.99896
6e340459,984056.622978
6e34045e,1314681.55451
6e340461,1444736.60771
6e340464,1414355.11706
6e340468,1353795.46514
6e34046c,1280867.4586
6e340470,1151782.92171
6e340474,1218062.89481
6e340479,1439401.87754
6e34047f,1483166.19985
6e340485,1436785.22693
6e340488,1401073.02186
6e34048a,1580088.15346
6e34048e,1568286.26147
6e340492,1547659.45478
6e340495,1473353.21757
6e340497,1084178.78981
6e34049a,1419372.09419
6e3404a0,1466104.30985
6e3404a3,942885.074149
6e3404a6,1282896.12928
6e3404a9,1255284.05914
6e3404af,1361249.97795
6e3404b3,1096307.38511
6e3404b5,1286524.28899
6e3404b9,1449162.56221
6e3404bf,1339401.90921
6e3404c1,1340530.32206
6e3404c5,1319655.1629
6e3404c8,1339236.33923
6e3404cb,1308919.61395
6e3404cf,1377764.37225
6e3404d2,1550451.92602
6e3404d7,1263170.86227
6e3404d9,1131453.75713
6e3404dd,1331789.07196
6e3404e3,1419904.64626
6e3404e6,1246967.17733
6e3404e9,1291025.89504
6e3404eb,1312516.80986
6e3404ed,1315742.56938
6e3404ef,887883.592532
6e3404f5,1257054.04288
6e3404f9,1279747.60877
6e3404fe,1443244.79273
6e340503,1455141.59607
6e340505,1190871.70693
6e340508,1221387.29264
6e34050a,1364652.35335
6e34050c,1230311.8932
6e34050f,1392010.20624
6e340513,1416885.46364
6e340515,1455156.23595
6e34051b,1324971.88509
6e34051e,1394365.91696
6e340523,1176671.56726
6e340528,1213851.03817
6e34052d,1102320.4526
6e340532,1333739.41685
6e340537,1375548.08159
6e34053d,1196729.89387
6e340543,1309868.8239
6e340547,1249199.20551
6e34054c,1367468.05154
6e340551,1304986.98727
6e340554,1351823.61794
6e340559,1432948.43136
6e34055d,1189969.16321
6e340560,1244878.21784
6e340565,1312572.35402
6e34056b,1220599.7707
6e340570,1406691.92168
6e340572,1586077.67863
6e340574,1374278.0255
6e340578,1298636.88814
6e34057e,1474129.5882
6e340580,1267576.53668
6e340584,1433891.91853
6e340588,1225891.84274
6e34058c,1302110.68733
6e340590,1029891.10507
6e340596,1500590.14873
6e340598,1269231.56084
6e34059d,1501687.8564
6e3405a3,1247038.86456
6e3405a7,1302086.08497
6e3405ad,1466596.24776
6e3405b3,1531970.28939
6e3405b7,1278383.7511
6e3405bb,1480481.56916
6e3405c0,1335894.44738
6e3405c2,1334854.69435
6e3405c4,1213472.80038
6e3405c7,1573298.35563
6e3405cc,1270398.34835
6e3405cf,1289879.45437
6e3405d3,1226365.0719
6e3405d8,1278370.48279
6e3405db,897184.648992
6e3405de,1162540.77159
6e3405e4,1132649.81726
6e3405e9,1154785.00428
6e3405ec,1320702.46669
6e3405ef,1356773.48368
6e3405f2,1348655.54559
6e3405f7,1210618.55343
6e3405f9,1182941.95861
6e3405ff,1301983.66637
6e340604,1555519.33234
6e34060a,1472231.44731
6e34060e,1354357.90441
6e340614,1311244.39545
6e340619,1320175.29762
6e34061f,1359912.01329
6e340624,1392713.53508
6e34062a,1460104.57032
6e34062e,1535980.65159
6e340630,1358239.57074
6e340636,912078.463801
6e340639,1488839.46522
6e34063f,1359638.67943
6e340643,1447445.70827
6e340648,1075253.89348
6e34064d,805555.332029
6e340651,1337083.19635
6e340654,1455312.01878
6e340657,1254354.70787
6e34065c,1383492.29568
6e340660,1342266.71317
6e340664,1321425.68263
6e340669,1357373.23422
6e34066e,1505291.30655
6e340672,1448755.79788
6e340674,922446.738267
6e34067a,1500240.54658
6e340680,1163499.30798
6e340684,1114515.99419
6e340688,1324704.49498
6e34068a,1361737.89839
6e34068e,1381299.42398
6e340692,1279898.10725
6e340694,1327278.8263
6e340697,1528684.05362
6e34069d,1323061.20952
6e3406a1,1518500.8435
6e3406a5,1162040.4062
6e3406a9,1421095.92553
6e3406ab,1369924.71939
6e3406b0,1448477.154
